0,0,0,0,0,0,0,0,0,0,0,0,0,0,0,0,0,0,0,0,0,0,0,0,0,0,0,0,0,0,0,0,0,0,0,0,0,0,0,0,0,0,0,0,0,0,0,0,0,0,0,0,0,0,0,0,0,0,0,0,0,0,0,0,0,0,0,0,0,0,0,0,0,0,0,0,0,0,0,0,0,0,0,0,0,0,0,0,0,0,0,0,0,0,0,0,0,0,0,0,0,0,0,0,0,0,0,0,0,0,0,0,0,0,0,0,0,0,0,0,0,0,0,0,0,0,0,0,0,0,0,0,0,0,0,0,0,0,0,0,0,0,0,0,0,0,0,0,0,0,0,0,0,0,0,0,0,0,0,0,0,0,0
So Typically Now,Taurus,You're a Melody - Mixed,FI3AC2259140,OMG,Call On Me (with Tove Lo) - SG's Dub Edit,Leviathan,Samurai (Meditation Tunnel Remix),Life Of The Party (with André 3000),Losing You,Love Lockdown,LLYLM,Blue,New Gold (feat. Tame Impala and Bootie Brown) - Dom Dolla Remix,New Gold (feat. Tame Impala and Bootie Brown),Baby Queen,Cracker Island (feat. Thundercat),Skinny Ape,Hurt,1989,Our Legacy,I Told Ya,I Need You,004,Bohemian,Freefall,Fleur tropicale,Fuel to Fire,Cloud 9 - Purple Disco Machine Remix,The Butcha,Warrior,Joaquim,Bloom (Oh My Baby),Where Are You,Strange Entity,Undress,Astriù,Somebody Wants You,Dream Car Ocean Drive,Princes,Nora,Under the Skin,Killer You,Offering - A COLORS SHOW,Sidewalk Safari,Wrong Opinion,I Belong in Your Arms,Take It Out On Me,Ghost Tonight,Cool As A Fire,Amanaemonesia,Met Before,Frigid Spring,Turning,Guilty As Charged,Grown Up Blues,Branded Content,Tienaté,Hale Bopp,Jaleo,Late Night Rave Muncher,Mike (desert island duvet),Konyali,Diamonds,Leave Me Like This,Butterflies,Prophecy,Feel Alright,Boyhood,2am - Dan Carey Dub,Maybe You're the Reason,Lost,Your Mind Is Not Your Friend (feat. Phoebe Bridgers),Puk Codes,Not Strong Enough,New Gold (feat. Tame Impala and Bootie Brown) - Dom Dolla Remix,58500 - Daniel Avery Remix,2STEP,Ze Is Pas Net Begonnen (Leerstage / Werkstage),Every Fucking Time,58500,CooCool,Blissda,страсть,Restless,Strings of Eden,More Action Pleeease!,Souvenir,AMERICA HAS A PROBLEM (feat. Kendrick Lamar),Come To Me (Club Mix),Hearts,Trance & Acid,Te Laat,Alleen Bij Mij,Is This Love?,The Teacher,Monaco,C'est Si Bon,Three Drums,The Sky Was Pink - Holden Remix,There Was a Time,Sliver of Ice,People (feat. Cian Ducrot),Relax My Eyes,Burn Dem Bridges,Cocoon,Mujo,Fine Day Anthem,How You Samba,Reset - Prins Thomas Diskomiks,Sip (Alcohol),Mother's Daughter,Camelo's - Original Mix,Vamos a la Playa - 1983,North Star,De Jakkaman pt. 1 & pt. 2,De Jakkaman pt. 3,Welcome to the DCC,Fangs - Avalon Emerson’s Re-Chip Remix,Double Tap,Double Tap,Rio (feat. Digital Farm Animals),Perfect (Exceeder),Netherworld - Oliver Prime Remix,Technocat,Annalena,"Thunderclouds (feat. Sia, Diplo, and Labrinth)","Latinoamérica (feat. Totó la Momposina, Susana Baca & Maria Rita)",Ascending Into The Clouds (feat. Elisabeth Troy) - Original Mix,Black Dress,Escapism.,Escapism. - Sped Up,Carbon Dioxide - Avalon Emerson Remix,ENERGIE,The Gods Must Be Crazy,To be honest - Paul Woolford Rework,Deep End (Paul’s in Pieces),Pompette Encore,Manifesto (feat. Jungle By Night),Lost and found,Metroma,Baronesse,Nothing Ontploffing,IN ORDER 2,Beyond Control,youandme,Moments In Love,Alles Wacht,From Within,Outside All Night (feat. A$AP Rocky & N3WYRKLA),Through The Eyes Of A Woman,Ultra Schall,Shove Piggy Shove,Troostzoekers (met Froukje),Jasmine,Prada (feat. D-Block Europe) - Oliver Heldens Remix,Prada,Jane Birkin,Disambigua,The DeeJays's - Single Edit,Marrow,Rain's Break,Sociopathic Dance Queen
U.S. Girls,Glass Beams,Aged In Harmony,Aleksi Perälä,"Nuri, Clap! Clap!","SG Lewis, Tove Lo",Everything Everything,Joakim,"Kanye West, André 3000",Solange,Kanye West,ROSALÍA,"BATTS, Sharon Van Etten","Gorillaz, Tame Impala, Dom Dolla, Bootie Brown","Gorillaz, Tame Impala, Bootie Brown",Gorillaz,"Gorillaz, Thundercat",Gorillaz,"Nils Wülker, Arne Jansen",dEUS,Black Cadmium,Black Cadmium,Black Cadmium,Black Cadmium,Black Cadmium,"Interstellar Funk, Loradeniz",Francis Bebey,Agnes Obel,"Jamiroquai, Purple Disco Machine","Corinda, Wes Lee",Oscar and the Wolf,Oscar and the Wolf,Oscar and the Wolf,Oscar and the Wolf,Oscar and the Wolf,Oscar and the Wolf,Oscar and the Wolf,Oscar and the Wolf,Oscar and the Wolf,Oscar and the Wolf,Oscar and the Wolf,Oscar and the Wolf,Oscar and the Wolf,Gabriels,Chairlift,Chairlift,Chairlift,Chairlift,Chairlift,Chairlift,Chairlift,Chairlift,Chairlift,Chairlift,Chairlift,Chairlift,Coloray,Nu Genea,Der Dritte Raum,"Trüby Trio, Buika",Mark Broom,"Fred again.., The Streets, Dermot Kennedy",Ko Shin Moon,Bas,"Skrillex, Bobby Raps","Skrillex, Starrah, Four Tet",Om Unit,Pure Tribal,The Japanese House,"Foals, Dan Carey",The Japanese House,Linkin Park,"The National, Phoebe Bridgers",Spray,"boygenius, Julien Baker, Phoebe Bridgers, Lucy Dacus","Gorillaz, Tame Impala, Dom Dolla, Bootie Brown","Enfant Sauvage, Daniel Avery","Rens, Jaïr & Ome Uncle",De Jeugd Van Tegenwoordig,Claud,Enfant Sauvage,"Róisín Murphy, DJ Koze",DJ Koze,Trudge,Trudge,Alex Kassian,Johannes Albert,MICH,"Beyoncé, Kendrick Lamar",Kendal,Courtesy,Kai Tracid,Elias Mazian,Elias Mazian,"Pip Blom, Alex Kapranos",Foo Fighters,Lobby,Say She She,Four Tet,Nathan Fake,Fun Lovin' Criminals,"ANOHNI, Antony and the Johnsons","Libianca, Cian Ducrot","ANOTR, Abel Balder",Skin On Skin,070 Shake,TNolly,"Skrillex, Boys Noize, Opus III","Kris Kross Amsterdam, Sofía Reyes, Tinie Tempah","Massimiliano Pagliara, Coloray, Fort Romeau, Prins Thomas",Joeboy,Miley Cyrus,Vilchezz,Righeira,Tale Of Us,De Jeugd Van Tegenwoordig,De Jeugd Van Tegenwoordig,Nothing But Thieves,"Nathan Micay, Avalon Emerson",LSDXOXO,LSDXOXO,"Netsky, Digital Farm Animals","Mason, Princess Superstar",L.S.G.,Tom Wilson,Daniel Ögren,"Sia, Diplo, Labrinth, LSD","Calle 13, Totó La Momposina, Susana Baca, Maria Rita","Tiga, Hudson Mohawke, Elisabeth Troy",070 Shake,"RAYE, 070 Shake","RAYE, 070 Shake","Fever Ray, Avalon Emerson","Chibi Ichigo, Sophie Straat","Armand Hammer, billy woods, E L U C I D, El-P","Christine and the Queens, Paul Woolford",The National,Jungle by Night,"Folamour, Jungle by Night",Isaac Delusion,The Sei,Hjaltalín,Elmer,"Tiga, Hudson Mohawke",Fantastic Man,Noha Saré,The Art Of Noise,"puntjudith, De Toegift",Johannes Heil,"Brent Faiyaz, N3WYRKLA, A$AP Rocky",Lucky Lo,LFO,LFO,"Wende, Froukje",Arlo Parks,"cassö, RAYE, Oliver Heldens, D-Block Europe","cassö, RAYE, D-Block Europe",MIKA,"Djuma Soundsystem, Westerby",Disco Macabre,ANOHNI,Lucy Gooch,Amaarae
So Typically Now,Mirage,DJ-Kicks: Jayda G,Phantabla III,OMG,Call On Me (with Tove Lo) [SG's Dub Edit],Raw Data Feel,Remixes,Life Of The Party,True,808s & Heartbreak,LLYLM,The Nightline,New Gold (feat. Tame Impala and Bootie Brown) [Dom Dolla Remix],New Gold (feat. Tame Impala and Bootie Brown) [Dom Dolla Remix],Baby Queen,Baby Queen,Skinny Ape,Closer,1989,Our Legacy EP,Our Legacy EP,Our Legacy EP,Our Legacy EP,Our Legacy EP,Never Been,African Electronic Music (1975-1982),Aventine,Cloud 9 (Purple Disco Machine Remix),The Butcha,Warrior,Entity,Entity,Entity,Entity,Entity,Entity,Entity,Entity,Entity,Entity,Entity,Entity,Offering - A COLORS SHOW,Something,Something,Something,Something,Something,Something,Something,Something,Something,Something,Something,Something,Branded Content,Bar Mediterraneo,Raumgleiter,Elevator Music,Late Night Rave Muncher,Mike (desert island duvet),Konyali,Diamonds,Quest For Fire,Quest For Fire,Prophecy,Trancemission To Andromeda,Boyhood,2am (Dan Carey Dub),Good at Falling,Lost,Your Mind Is Not Your Friend (feat. Phoebe Bridgers),Witches Drinner EP,the record,Cracker Island (Deluxe),Petrichor,RJO 3,Ze Is Pas Net Begonnen (Leerstage / Werkstage),Every Fucking Time,Petrichor,CooCool,Blissda,100,Drowned,Strings of Eden,Yoga At The Dream Haus EP,Souvenir,AMERICA HAS A PROBLEM (feat. Kendrick Lamar),Come To Me,Hearts,Trance & Acid,Alleen Bij Mij,Alleen Bij Mij,Is This Love?,The Teacher,Package Holiday,C'est Si Bon,Three Drums,The Sky Was Pink,Loco,Sliver of Ice,People (Remixes),Relax My Eyes,Burn Dem Bridges,You Can’t Kill Me,Mujo,Fine Day Anthem,How You Samba,Reset (Prins Thomas Remixes),Sip (Alcohol),SHE IS COMING,slash 005 - Camelo's,Best of Righeira (Le meilleur des annees 80),North Star / Silent Space,Moderne Manieren,Moderne Manieren,Dead Club City,Fangs (Avalon Emerson’s Re-Chip Remix),Double Tap,Double Tap,3,Perfect (Exceeder),In Search Of Sunrise 4 - Latin America,Dance Top 100 Best Ever 3,Fastingen -92,"LABRINTH, SIA & DIPLO PRESENT... LSD",Entren Los Que Quieran,Ascending Into The Clouds (feat. Elisabeth Troy) [Original Mix],Black Dress,My 21st Century Blues,Escapism.,Carbon Dioxide (Avalon Emerson Remix),ENERGIE,The Gods Must Be Crazy,To be honest (Remixes),Laugh Track,Pompette Encore,Manifesto (feat. Jungle By Night),Lost and found,Metroma,Hjaltalín,Nothing Ontploffing,IN ORDER 2,Beyond Control,Into Your Head,(Who's Afraid Of) The Art Of Noise? [Remastered],Alles Wacht,From Within,Larger Than Life,The Big Feel,Advance,Advance,Sterrenlopen,Jasmine,Prada (feat. D-Block Europe) [Oliver Heldens Remix],Prada,Jane Birkin,Disambigua,The DeeJay's,HOPELESSNESS,Rain's Break,Fountain Baby
single,single,album,album,single,single,album,single,single,single,album,single,album,single,single,single,single,single,album,single,single,single,single,single,single,single,album,album,single,single,single,album,album,album,album,album,album,album,album,album,album,album,album,single,album,album,album,album,album,album,album,album,album,album,album,album,single,album,album,album,single,single,single,single,album,album,single,compilation,single,single,album,single,single,single,single,album,album,album,single,single,album,single,single,single,single,single,single,single,single,single,single,album,album,album,single,single,single,single,single,single,album,single,single,single,single,album,single,single,single,single,single,album,single,compilation,single,album,album,album,single,single,single,album,single,album,compilation,album,album,album,single,single,album,single,single,single,single,single,album,single,single,single,single,album,single,single,single,single,album,single,single,album,album,album,album,album,single,single,single,single,single,single,album,single,album
2022-07-26,2021-06-25,2021-05-14,2022-12-23,2022-12-16,2022-12-23,2022-05-20,2017-04-28,2021-08-20,2012-11-27,2008-11-24,2023-01-27,2022-10-14,2022-11-18,2022-11-18,2022-11-04,2022-11-04,2022-12-08,2023-02-03,2023-01-24,2021-07-16,2021-07-16,2021-07-16,2021-07-16,2021-07-16,2023-01-16,2012-03-01,2013-09-30,2017-03-03,2022-12-23,2022-09-16,2014-04-25,2014-04-25,2014-04-25,2014-04-25,2014-04-25,2014-04-25,2014-04-25,2014-04-25,2014-04-25,2014-04-25,2014-04-25,2014-04-25,2023-02-16,2012-01-24,2012-01-24,2012-01-24,2012-01-24,2012-01-24,2012-01-24,2012-01-24,2012-01-24,2012-01-24,2012-01-24,2012-01-24,2012-01-24,2023-02-24,2022-05-13,1998,2003-06-03,2023-01-20,2023-03-03,2022-05-27,2023-01-24,2023-02-17,2023-02-17,2023-03-10,2009-02-01,2023-03-20,2023-03-24,2019-03-01,2023-02-10,2023-04-12,2022-08-22,2023-03-01,2023-02-27,2021-11-19,2023-05-02,2023-05-05,2023-05-02,2021-11-19,2023-03-08,2023-03-03,2019-05-24,2020-02-24,2023-05-05,2020-05-22,2023-05-26,2023-05-19,2022-12-09,2023-02-15,2002-05-20,2023-06-02,2023-06-02,2023-05-31,2023-05-30,2023-05-26,2023-06-08,2023-04-26,2004-08-23,2001-03-06,2023-06-13,2023-03-31,2022-11-04,2022-08-12,2022-06-03,2021-08-06,2023-07-07,2023-05-12,2023-06-16,2021-09-24,2019-05-31,2023-07-28,1983,2015-11-06,2023-08-11,2023-08-11,2023-06-30,2023-07-27,2023-05-30,2023-05-30,2016-06-10,2007-01-11,2009-11-16,2011-10-07,2020-04-17,2019-04-12,2010-11-22,2023-09-15,2023-09-22,2023-02-03,2022-12-07,2023-09-25,2023-09-29,2023-09-26,2023-09-29,2023-09-18,2023-09-22,2023-05-25,2023-09-22,2018-09-28,2020-07-03,2023-03-10,2023-10-04,2023-02-16,2023-02-24,1984-06-19,2023-10-25,2011-10-24,2023-10-27,2023-10-27,1996-01-29,1996-01-29,2023-09-08,2023-11-07,2023-11-09,2023-08-11,2023-11-16,2017-10-06,1998-01-01,2016-05-06,2021-06-25,2023-06-09
3:15,4:32,2:37,4:10,4:16,5:49,5:20,7:49,6:31,4:20,4:30,2:54,4:24,4:34,3:35,3:40,3:33,4:41,4:31,5:4,4:49,6:40,5:20,6:15,4:37,6:47,3:54,5:29,6:44,7:10,3:23,3:48,4:6,3:23,4:36,4:6,2:26,3:44,3:50,3:54,3:47,2:20,4:6,3:8,3:49,5:3,3:27,3:53,3:6,3:56,5:1,2:53,3:48,2:59,3:33,3:16,4:55,4:38,7:43,6:26,5:10,4:24,2:48,3:31,3:8,3:15,4:47,6:3,3:9,4:43,3:38,3:19,4:24,5:58,3:54,4:34,3:43,2:54,4:11,2:47,5:16,4:31,5:43,7:53,7:44,8:37,3:41,2:14,4:20,5:10,7:22,7:4,4:59,3:9,3:32,10:4,5:45,3:56,8:15,9:30,4:41,3:41,3:4,3:12,2:55,3:21,2:1,3:13,2:31,8:43,2:38,3:39,5:57,3:37,7:45,5:4,1:58,3:17,6:28,3:10,3:10,3:49,2:41,11:7,7:27,5:16,3:7,5:1,6:14,3:57,4:32,3:59,6:11,4:1,3:0,3:56,4:29,6:32,7:23,4:2,3:43,4:19,4:21,4:50,6:14,2:59,10:15,3:12,12:19,3:22,4:38,4:15,4:19,3:32,3:39,2:41,2:12,3:16,8:57,3:26,3:1,3:34,2:19
195804,272375,157854,250498,256004,349316,320200,469793,391656,260398,270306,174044,264575,274141,215149,220105,213750,281258,271318,305000,289251,400595,320625,375361,277795,407405,234078,329821,404567,430887,203191,228264,246140,203270,276310,246010,146020,224210,230120,234845,227130,140935,246112,188905,229426,303440,207306,233853,186906,236533,301026,173986,228560,179440,213760,196560,295200,278029,463979,386853,310978,264097,168583,211087,188571,195937,287999,363800,189624,283826,218935,199342,264320,358849,234933,274141,223986,174471,251140,167011,316400,271112,343332,473220,464701,517206,221904,134641,260962,310000,442268,424670,299426,189226,212053,604226,345600,236560,495858,570586,281400,221760,184633,192150,175676,201004,122000,193690,151680,523185,158400,219080,357827,217327,465323,304049,118350,197557,388290,190005,190005,229106,161250,667293,447093,316769,187026,301426,374089,237361,272373,239888,371000,241957,180772,236160,269440,392179,443120,242979,223167,259592,261361,290689,374775,179395,615693,192314,739518,202841,278133,255440,259812,212471,219598,161571,132359,196546,537049,206244,181204,214612,139733
2023-01-02T14:14:50Z,2023-01-05T10:06:57Z,2023-01-06T17:24:18Z,2023-01-09T20:36:17Z,2023-01-09T23:15:59Z,2023-01-09T23:16:15Z,2023-01-10T20:25:22Z,2023-01-11T12:31:27Z,2023-01-21T10:02:08Z,2023-01-22T09:57:56Z,2023-01-22T09:58:26Z,2023-01-27T10:36:41Z,2023-01-27T19:22:04Z,2023-02-05T21:53:29Z,2023-02-05T21:53:29Z,2023-02-05T21:53:42Z,2023-02-05T21:53:42Z,2023-02-05T21:53:56Z,2023-02-06T19:13:43Z,2023-02-06T19:13:53Z,2023-02-07T06:16:38Z,2023-02-07T06:16:38Z,2023-02-07T06:16:38Z,2023-02-07T06:16:38Z,2023-02-07T06:16:38Z,2023-02-07T15:16:02Z,2023-02-11T04:26:07Z,2023-02-14T15:49:36Z,2023-02-15T05:37:11Z,2023-02-16T14:03:48Z,2023-02-17T17:15:35Z,2023-02-17T17:15:45Z,2023-02-17T17:15:45Z,2023-02-17T17:15:45Z,2023-02-17T17:15:45Z,2023-02-17T17:15:45Z,2023-02-17T17:15:45Z,2023-02-17T17:15:45Z,2023-02-17T17:15:45Z,2023-02-17T17:15:45Z,2023-02-17T17:15:45Z,2023-02-17T17:15:45Z,2023-02-17T17:15:45Z,2023-02-22T14:29:21Z,2023-02-23T07:29:47Z,2023-02-23T07:29:47Z,2023-02-23T07:29:47Z,2023-02-23T07:29:47Z,2023-02-23T07:29:47Z,2023-02-23T07:29:47Z,2023-02-23T07:29:47Z,2023-02-23T07:29:47Z,2023-02-23T07:29:47Z,2023-02-23T07:29:47Z,2023-02-23T07:29:47Z,2023-02-23T07:29:47Z,2023-02-26T13:42:52Z,2023-02-27T02:24:16Z,2023-02-27T02:24:28Z,2023-02-28T04:08:37Z,2023-03-01T01:06:11Z,2023-03-04T02:47:32Z,2023-03-04T02:47:54Z,2023-03-06T12:28:07Z,2023-03-15T04:51:58Z,2023-03-15T05:03:16Z,2023-03-22T08:58:01Z,2023-03-27T16:56:07Z,2023-03-27T18:15:38Z,2023-03-27T18:21:57Z,2023-03-27T18:22:08Z,2023-04-06T20:38:27Z,2023-04-22T16:21:54Z,2023-04-25T05:06:43Z,2023-04-27T06:46:54Z,2023-05-03T11:41:42Z,2023-05-10T13:27:32Z,2023-05-09T15:56:38Z,2023-05-10T06:29:30Z,2023-05-10T06:30:57Z,2023-05-10T13:32:47Z,2023-05-10T13:59:48Z,2023-05-10T14:03:08Z,2023-05-12T05:41:40Z,2023-05-12T05:42:10Z,2023-05-15T12:53:50Z,2023-05-26T08:39:26Z,2023-05-31T16:03:10Z,2023-05-31T16:03:22Z,2023-06-04T12:44:28Z,2023-06-05T12:04:39Z,2023-06-04T12:45:18Z,2023-06-05T06:44:36Z,2023-06-05T07:22:17Z,2023-06-06T08:56:16Z,2023-06-07T08:41:15Z,2023-06-11T11:56:28Z,2023-06-11T12:11:27Z,2023-06-16T08:17:20Z,2023-06-18T15:21:51Z,2023-06-20T19:11:20Z,2023-06-22T06:49:23Z,2023-06-22T18:17:04Z,2023-06-22T18:41:43Z,2023-06-25T09:15:46Z,2023-07-02T08:57:38Z,2023-07-02T11:57:04Z,2023-07-13T06:16:49Z,2023-07-13T06:17:21Z,2023-07-14T17:27:06Z,2023-07-18T19:50:03Z,2023-07-26T19:07:00Z,2023-07-31T04:34:50Z,2023-07-31T06:29:05Z,2023-08-05T12:25:57Z,2023-08-11T18:27:06Z,2023-08-11T18:27:18Z,2023-08-16T06:49:13Z,2023-08-17T09:53:32Z,2023-08-23T11:48:12Z,2023-08-23T11:48:12Z,2023-08-24T17:35:36Z,2023-08-27T07:22:51Z,2023-08-31T07:08:18Z,2023-08-31T07:09:52Z,2023-08-31T11:36:28Z,2023-09-01T12:08:27Z,2023-09-22T18:39:11Z,2023-09-28T07:53:56Z,2023-09-26T14:56:42Z,2023-09-27T14:38:30Z,2023-09-27T14:45:39Z,2023-09-29T08:13:39Z,2023-09-29T08:22:02Z,2023-09-29T08:29:10Z,2023-09-29T08:34:25Z,2023-09-29T11:20:58Z,2023-09-29T21:08:39Z,2023-09-29T21:09:06Z,2023-09-30T09:01:59Z,2023-10-01T09:24:33Z,2023-10-03T16:03:09Z,2023-10-05T15:24:26Z,2023-10-09T09:53:33Z,2023-10-18T16:32:19Z,2023-10-22T11:09:13Z,2023-10-24T04:43:27Z,2023-10-25T08:20:11Z,2023-10-25T10:52:40Z,2023-10-28T10:21:18Z,2023-10-28T10:46:06Z,2023-11-14T09:09:36Z,2023-11-14T07:10:18Z,2023-11-14T17:20:32Z,2023-11-20T15:04:00Z,2023-11-21T05:54:29Z,2023-11-21T05:57:09Z,2023-11-23T20:09:01Z,2023-12-06T06:21:17Z,2023-12-10T20:26:39Z,2023-12-14T19:29:57Z,2023-12-14T19:38:39Z,2023-12-16T10:06:37Z
115458813,115458813,115458813,115458813,115458813,115458813,115458813,115458813,115458813,115458813,115458813,115458813,115458813,115458813,115458813,115458813,115458813,115458813,115458813,115458813,115458813,115458813,115458813,115458813,115458813,115458813,115458813,115458813,115458813,115458813,115458813,115458813,115458813,115458813,115458813,115458813,115458813,115458813,115458813,115458813,115458813,115458813,115458813,115458813,115458813,115458813,115458813,115458813,115458813,115458813,115458813,115458813,115458813,115458813,115458813,115458813,115458813,115458813,115458813,115458813,115458813,115458813,115458813,115458813,115458813,115458813,115458813,115458813,115458813,115458813,115458813,115458813,115458813,115458813,115458813,115458813,115458813,115458813,115458813,115458813,115458813,115458813,115458813,115458813,115458813,115458813,115458813,115458813,115458813,115458813,115458813,115458813,115458813,115458813,115458813,115458813,115458813,115458813,115458813,115458813,115458813,115458813,115458813,115458813,115458813,115458813,115458813,115458813,115458813,115458813,115458813,115458813,115458813,115458813,115458813,115458813,115458813,115458813,115458813,115458813,115458813,115458813,115458813,115458813,115458813,115458813,115458813,115458813,115458813,115458813,115458813,115458813,115458813,115458813,115458813,115458813,115458813,115458813,115458813,115458813,115458813,115458813,115458813,115458813,115458813,115458813,115458813,115458813,115458813,115458813,115458813,115458813,115458813,115458813,115458813,115458813,115458813,115458813,115458813,115458813,115458813,115458813,115458813
31,52,32,7,15,33,40,26,62,45,68,73,29,66,41,1,1,0,32,27,0,0,0,0,1,15,0,61,46,7,55,39,25,23,47,33,23,30,23,41,22,20,26,42,33,29,54,34,31,25,45,30,24,23,25,24,8,58,37,36,12,61,39,47,61,58,9,5,49,27,49,75,47,20,8,62,46,7,32,1,26,45,39,38,12,36,21,24,55,32,24,38,0,0,33,42,6,36,50,42,41,26,65,78,61,55,20,74,63,12,66,68,39,52,39,46,38,65,23,38,38,55,68,26,17,37,74,65,26,59,86,79,31,38,34,46,60,28,15,46,44,27,30,33,27,17,59,25,22,76,34,16,27,47,60,58,93,54,22,14,32,17,57
1IafXP9REln2SxcNXOCIDS,1R2g3aWdOv9BOUjqMgZTic,7fex2cCmG8alkVmWfw3uok,2ozMwo1UEYm05elHsVRDls,2Rox7ssdcClVWbIXdTJj2F,4cAESz6WLbrrpTvR3Confo,40vddco1tg38zcFnG6vL89,1Xb1WcFWkoJJvlsKKLoQHl,7n4YpQcocaRfXRlEl07klO,29kMmvimeOyKb60VEX7aj5,1kxeWHF9PrCVZHvVskv8lg,2SiAcexM2p1yX6joESbehd,5CqgCXP6LfYDLR9F1YSenr,2c3KCGq6UojB2c8UAFrRON,4CMX86HeqhcmP1ou1szGKN,35Wf42ylltoygDn2Vc5y8D,25if9Eg4qLKuObbi1Zo8NB,3G69pyQGyx49kjsy9waiXf,0aeNkcwIx4PauZVM42erFW,2LJSRQW2w3u2vbi9S6qJr5,62nipRMuosydgOonLLX5gI,2eAr4ekHdOodPbwH52seqL,3fj3ojgl6JllDnZjegyjZ9,2ZDPeMkxoyIDDpg8zRP1aa,489NUDB0bdk1wC5Atp30YN,5sKfJiBQ7gKrzusdMnJf2O,4dAZcvyTmAegVJuFFqvgNf,3fHDbOrSf2IQhLeKaShLS4,3hxylASerOxtshuE2FkGx8,5ESvWxB6IZFJDkOqlJ4MwF,7vwTsX8UY5QZmPiQUmWkaL,58xWAlc12MwEJqSmUfdZoV,6ga4TSq6tiidiRxCrI4etm,71F2CJEb9nwaPeR5mrY5OP,0wYHz9rLGFjEyFrD7mpsr3,4wl6h3VGAVgVbvegkwYLrD,7xQtnsKpMqo6dDNuDByCCh,0o2D66LSXLZmW9hV5pzu4w,3q1nDJBYTASYVHhCPKQWny,4OTHQsOxitVClR8GqtwFFl,6O7FOGXtNWqbe1OMabTC9A,34O0eNoGPHIiUkJzVY46rh,31xo2J8euk2doC7dVrLsgI,0kxDdCDxMbpNkdpw7AtajU,6nsZ23hRFXCVkk9NwuzAz0,6fAQ5boPt3dPojWBVpaWE1,0aqRkWPAL9BGCvvdSiXaE9,2eMaAZGaSBXcfWFTVbxUW1,6feRClSFySYY0OvVSz4AcK,0d0GqB8xlOsP4yHYKevugN,4EI01jKoCYK0tZqgAL2RpO,5tM8bGCajULBHqZ8SziYLe,1yncmKBXvxDMU9TY5ixwCR,2kkXet5z7SEORAM0hc8K9u,2Ewas6ys7AB0UXmjFklQMt,6tG59r4cBArRXAtxHdbJhi,5du4evSv0ensHTal0oJHuR,1SIXMGcsAeA6sNxaY1EG3O,5ub3J39KB6UH1gLGEoFks1,7HMD3XScqwlYU2ITxLWUpg,50uSoiS1G3tDnk7QylHQMQ,6cqcmtaxNL7YCKKsuYAPJo,5caeyjvyOzGF9xSrcSGN41,4D3hcHpsFsiQFBNIKYgjui,6NRvZuFXn2ixp8YdzUvG5n,19dObDGedr40x1UcAm15qz,6545LlBB4uVARTfrcUwXbJ,28VUSm7mksekPh4an4bD9t,4Y273Gix47holXvTP9hGpj,0r0FZoCewCVY2cMQWuahCX,22tD1L3AXFs1pYEygkQGAT,373gDROnujxNTFa1FojYIl,7wOIdJkbhLcmA0vniQiVVJ,1kM9bqImiakn6TzW54CXLh,72GNW1xKoi5BAhMYAW6e7e,49ozuucNvoHNstYChqEzPU,0jUhvsQB5KcuQCFcv4LVo5,2gjUFFdxjGlKxaOdAa7FPU,3oZYSdQ1tCqi8uoRqGAext,3pcl1nwM7BkNaNcsojvPCz,39oHhiwljiKAcDRDqiPMV0,0C8jkmcNV7VxyHemnI917F,5trIxTDiFfTeqnRiRjW0A8,5z0mE0M3ulwpPIpkKhgR2x,2DdHRqeFzsWWV0yFn4EW9i,2nFGIC472JfEAskv3z8iBs,6bD5vnX4Gf3ayEFr3xEUfo,7pspgy2N9LdN9QuDVNd1Dk,5xlLG6RthtyXShVhGA3ojN,34ctIzLFt4bg4VmYIEarqk,5ILFGCywea871oWxLxR9eF,69TjSkt8gEfylWH4Bovmeh,7fimpnjdT2qMtKH31YRtuw,4fmXF8FdCyAbqW9tkByAMo,2qniUr523yjUKD8EJRe7LP,4GPdQsRCRCidGgmCsK9I4a,3FrgKESetf9yiwsnQzqvNW,0jIZXQPRhbQ6FFSNcLKaaU,2FRIWWs5xxPoQrk5pMmsQN,2oeEq7M17OE5rqcYYYHZet,1TpZYxFByV8NWmf1qpI0zb,1n5SYXmd3OPE1nlHfoKE47,0SCOKZU2gpsrvLa4T1VStt,5u4hhtZ7f4rWkMZEZcTKrH,5r2620VyMS4JpB9UhmYjpG,069mlD5el7f9hcN4Wh4YXb,0OJXgXJ6FwERCfM40tUl2l,6tifCCTIVBLC2TmTquYG7G,5OsYviJJXb8g8uM1K7JiPm,5UX3IxKOIb3R4TEgMJURFK,4tr4oHjFijp0EgISHYDIXe,4tc97Wa8SP5f9gaaOar8Kq,0IruDrkxiWEsm8SjNJ4S6f,3iB7lzsBC7PdJLU9k2nttT,7HTTX1bAueqIsakTgH5len,1ETFYi66tAmX1PUkhj5Xnt,7q5M9NZPFmpZAcgzZ8n6fO,1eivMnftGIAIeTDUfTssVX,1o7i72xi4OudOtgB9XOZcf,0wLcWLY6JuNIuqJZxOu1Z7,0wLcWLY6JuNIuqJZxOu1Z7,5IfSQQzGijWKd7dbkbqHuN,0whmIaItqkT8e5PVuPyhvT,3GOWlA87Hwm3LdhYZYe5jB,7wfzCGz1QXjBikUpxuqUZQ,3xmF9DriAtSDlX1Q2HABh7,4lJNen4SMTIJMahALc3DcB,1xuYajTJZh8zZrPRmUaagf,7itxAOLZYn9CeCZ5tFxwVA,4pchG0mOBAJoXXu1vmwyTY,5mHdCZtVyb4DcJw8799hZp,3XCpS4k8WqNnCpcDOSRRuz,58B6uDFgToHIrJIwnCe8ST,3GeYpZcJMoSraXaiKG4yqq,62ir3CludVLlbrXk6AOlGg,2r2qLCogK37mXgAA7qn38c,5QD7OqeRVdpFys4QZ3UxeS,3E47fo7aXBwEmo7xroTOuk,6eTkwDkPoVqJtcvL6WM4Jb,3o5inGcKklTC2NwrCSUhQl,21CbCV3YBfNOQmdlW3rJo0,4t3n2mlbzyT9WbrDeQG4k5,3TDHmFKCfFviqOndrk9wde,4jcKjPC8jUenof3wPGL7o4,6WhTKGrJaMbTbEtQvU5yKR,51mffAss4N5q3VVkLR02TE,2bsczk82MWGPmTbe6IWYsa,0Tbumc3TvqoTUWoe7vMicR,1t8AfGheHq70N19BXCuFls,1dbar1XukTbn7FQzQTqDQK,2VWI2oIJPPYvhCgkE3ntcY,2CRCeFxR8FOWwHal9h36j2,6cgZ2KVDd4PIv9sf9J46Ud,1EGEgAKpYg1T9zOVZKyP8J,6bniCXManaPDnCN34waQs6,2JBSkAvVl4MDXWwkEVEVej,59NraMJsLaMCVtwXTSia8i,4xsVpeTSTh64G82qf2HHaF,1UxYDQ2EbvEv2VgPq87p4f,5US6f27lD7YNWZwJXiljGX,0ZnRtaQzlAq54uN8s2wPGv,6bSWmINNWVmNpTTjQWHDHi,3prtPGzdSOvl5CGCrkN34h
spotify:track:1IafXP9REln2SxcNXOCIDS,spotify:track:1R2g3aWdOv9BOUjqMgZTic,spotify:track:7fex2cCmG8alkVmWfw3uok,spotify:track:2ozMwo1UEYm05elHsVRDls,spotify:track:2Rox7ssdcClVWbIXdTJj2F,spotify:track:4cAESz6WLbrrpTvR3Confo,spotify:track:40vddco1tg38zcFnG6vL89,spotify:track:1Xb1WcFWkoJJvlsKKLoQHl,spotify:track:7n4YpQcocaRfXRlEl07klO,spotify:track:29kMmvimeOyKb60VEX7aj5,spotify:track:1kxeWHF9PrCVZHvVskv8lg,spotify:track:2SiAcexM2p1yX6joESbehd,spotify:track:5CqgCXP6LfYDLR9F1YSenr,spotify:track:2c3KCGq6UojB2c8UAFrRON,spotify:track:4CMX86HeqhcmP1ou1szGKN,spotify:track:35Wf42ylltoygDn2Vc5y8D,spotify:track:25if9Eg4qLKuObbi1Zo8NB,spotify:track:3G69pyQGyx49kjsy9waiXf,spotify:track:0aeNkcwIx4PauZVM42erFW,spotify:track:2LJSRQW2w3u2vbi9S6qJr5,spotify:track:62nipRMuosydgOonLLX5gI,spotify:track:2eAr4ekHdOodPbwH52seqL,spotify:track:3fj3ojgl6JllDnZjegyjZ9,spotify:track:2ZDPeMkxoyIDDpg8zRP1aa,spotify:track:489NUDB0bdk1wC5Atp30YN,spotify:track:5sKfJiBQ7gKrzusdMnJf2O,spotify:track:4dAZcvyTmAegVJuFFqvgNf,spotify:track:3fHDbOrSf2IQhLeKaShLS4,spotify:track:3hxylASerOxtshuE2FkGx8,spotify:track:5ESvWxB6IZFJDkOqlJ4MwF,spotify:track:7vwTsX8UY5QZmPiQUmWkaL,spotify:track:58xWAlc12MwEJqSmUfdZoV,spotify:track:6ga4TSq6tiidiRxCrI4etm,spotify:track:71F2CJEb9nwaPeR5mrY5OP,spotify:track:0wYHz9rLGFjEyFrD7mpsr3,spotify:track:4wl6h3VGAVgVbvegkwYLrD,spotify:track:7xQtnsKpMqo6dDNuDByCCh,spotify:track:0o2D66LSXLZmW9hV5pzu4w,spotify:track:3q1nDJBYTASYVHhCPKQWny,spotify:track:4OTHQsOxitVClR8GqtwFFl,spotify:track:6O7FOGXtNWqbe1OMabTC9A,spotify:track:34O0eNoGPHIiUkJzVY46rh,spotify:track:31xo2J8euk2doC7dVrLsgI,spotify:track:0kxDdCDxMbpNkdpw7AtajU,spotify:track:6nsZ23hRFXCVkk9NwuzAz0,spotify:track:6fAQ5boPt3dPojWBVpaWE1,spotify:track:0aqRkWPAL9BGCvvdSiXaE9,spotify:track:2eMaAZGaSBXcfWFTVbxUW1,spotify:track:6feRClSFySYY0OvVSz4AcK,spotify:track:0d0GqB8xlOsP4yHYKevugN,spotify:track:4EI01jKoCYK0tZqgAL2RpO,spotify:track:5tM8bGCajULBHqZ8SziYLe,spotify:track:1yncmKBXvxDMU9TY5ixwCR,spotify:track:2kkXet5z7SEORAM0hc8K9u,spotify:track:2Ewas6ys7AB0UXmjFklQMt,spotify:track:6tG59r4cBArRXAtxHdbJhi,spotify:track:5du4evSv0ensHTal0oJHuR,spotify:track:1SIXMGcsAeA6sNxaY1EG3O,spotify:track:5ub3J39KB6UH1gLGEoFks1,spotify:track:7HMD3XScqwlYU2ITxLWUpg,spotify:track:50uSoiS1G3tDnk7QylHQMQ,spotify:track:6cqcmtaxNL7YCKKsuYAPJo,spotify:track:5caeyjvyOzGF9xSrcSGN41,spotify:track:4D3hcHpsFsiQFBNIKYgjui,spotify:track:6NRvZuFXn2ixp8YdzUvG5n,spotify:track:19dObDGedr40x1UcAm15qz,spotify:track:6545LlBB4uVARTfrcUwXbJ,spotify:track:28VUSm7mksekPh4an4bD9t,spotify:track:4Y273Gix47holXvTP9hGpj,spotify:track:0r0FZoCewCVY2cMQWuahCX,spotify:track:22tD1L3AXFs1pYEygkQGAT,spotify:track:373gDROnujxNTFa1FojYIl,spotify:track:7wOIdJkbhLcmA0vniQiVVJ,spotify:track:1kM9bqImiakn6TzW54CXLh,spotify:track:72GNW1xKoi5BAhMYAW6e7e,spotify:track:49ozuucNvoHNstYChqEzPU,spotify:track:0jUhvsQB5KcuQCFcv4LVo5,spotify:track:2gjUFFdxjGlKxaOdAa7FPU,spotify:track:3oZYSdQ1tCqi8uoRqGAext,spotify:track:3pcl1nwM7BkNaNcsojvPCz,spotify:track:39oHhiwljiKAcDRDqiPMV0,spotify:track:0C8jkmcNV7VxyHemnI917F,spotify:track:5trIxTDiFfTeqnRiRjW0A8,spotify:track:5z0mE0M3ulwpPIpkKhgR2x,spotify:track:2DdHRqeFzsWWV0yFn4EW9i,spotify:track:2nFGIC472JfEAskv3z8iBs,spotify:track:6bD5vnX4Gf3ayEFr3xEUfo,spotify:track:7pspgy2N9LdN9QuDVNd1Dk,spotify:track:5xlLG6RthtyXShVhGA3ojN,spotify:track:34ctIzLFt4bg4VmYIEarqk,spotify:track:5ILFGCywea871oWxLxR9eF,spotify:track:69TjSkt8gEfylWH4Bovmeh,spotify:track:7fimpnjdT2qMtKH31YRtuw,spotify:track:4fmXF8FdCyAbqW9tkByAMo,spotify:track:2qniUr523yjUKD8EJRe7LP,spotify:track:4GPdQsRCRCidGgmCsK9I4a,spotify:track:3FrgKESetf9yiwsnQzqvNW,spotify:track:0jIZXQPRhbQ6FFSNcLKaaU,spotify:track:2FRIWWs5xxPoQrk5pMmsQN,spotify:track:2oeEq7M17OE5rqcYYYHZet,spotify:track:1TpZYxFByV8NWmf1qpI0zb,spotify:track:1n5SYXmd3OPE1nlHfoKE47,spotify:track:0SCOKZU2gpsrvLa4T1VStt,spotify:track:5u4hhtZ7f4rWkMZEZcTKrH,spotify:track:5r2620VyMS4JpB9UhmYjpG,spotify:track:069mlD5el7f9hcN4Wh4YXb,spotify:track:0OJXgXJ6FwERCfM40tUl2l,spotify:track:6tifCCTIVBLC2TmTquYG7G,spotify:track:5OsYviJJXb8g8uM1K7JiPm,spotify:track:5UX3IxKOIb3R4TEgMJURFK,spotify:track:4tr4oHjFijp0EgISHYDIXe,spotify:track:4tc97Wa8SP5f9gaaOar8Kq,spotify:track:0IruDrkxiWEsm8SjNJ4S6f,spotify:track:3iB7lzsBC7PdJLU9k2nttT,spotify:track:7HTTX1bAueqIsakTgH5len,spotify:track:1ETFYi66tAmX1PUkhj5Xnt,spotify:track:7q5M9NZPFmpZAcgzZ8n6fO,spotify:track:1eivMnftGIAIeTDUfTssVX,spotify:track:1o7i72xi4OudOtgB9XOZcf,spotify:track:0wLcWLY6JuNIuqJZxOu1Z7,spotify:track:0wLcWLY6JuNIuqJZxOu1Z7,spotify:track:5IfSQQzGijWKd7dbkbqHuN,spotify:track:0whmIaItqkT8e5PVuPyhvT,spotify:track:3GOWlA87Hwm3LdhYZYe5jB,spotify:track:7wfzCGz1QXjBikUpxuqUZQ,spotify:track:3xmF9DriAtSDlX1Q2HABh7,spotify:track:4lJNen4SMTIJMahALc3DcB,spotify:track:1xuYajTJZh8zZrPRmUaagf,spotify:track:7itxAOLZYn9CeCZ5tFxwVA,spotify:track:4pchG0mOBAJoXXu1vmwyTY,spotify:track:5mHdCZtVyb4DcJw8799hZp,spotify:track:3XCpS4k8WqNnCpcDOSRRuz,spotify:track:58B6uDFgToHIrJIwnCe8ST,spotify:track:3GeYpZcJMoSraXaiKG4yqq,spotify:track:62ir3CludVLlbrXk6AOlGg,spotify:track:2r2qLCogK37mXgAA7qn38c,spotify:track:5QD7OqeRVdpFys4QZ3UxeS,spotify:track:3E47fo7aXBwEmo7xroTOuk,spotify:track:6eTkwDkPoVqJtcvL6WM4Jb,spotify:track:3o5inGcKklTC2NwrCSUhQl,spotify:track:21CbCV3YBfNOQmdlW3rJo0,spotify:track:4t3n2mlbzyT9WbrDeQG4k5,spotify:track:3TDHmFKCfFviqOndrk9wde,spotify:track:4jcKjPC8jUenof3wPGL7o4,spotify:track:6WhTKGrJaMbTbEtQvU5yKR,spotify:track:51mffAss4N5q3VVkLR02TE,spotify:track:2bsczk82MWGPmTbe6IWYsa,spotify:track:0Tbumc3TvqoTUWoe7vMicR,spotify:track:1t8AfGheHq70N19BXCuFls,spotify:track:1dbar1XukTbn7FQzQTqDQK,spotify:track:2VWI2oIJPPYvhCgkE3ntcY,spotify:track:2CRCeFxR8FOWwHal9h36j2,spotify:track:6cgZ2KVDd4PIv9sf9J46Ud,spotify:track:1EGEgAKpYg1T9zOVZKyP8J,spotify:track:6bniCXManaPDnCN34waQs6,spotify:track:2JBSkAvVl4MDXWwkEVEVej,spotify:track:59NraMJsLaMCVtwXTSia8i,spotify:track:4xsVpeTSTh64G82qf2HHaF,spotify:track:1UxYDQ2EbvEv2VgPq87p4f,spotify:track:5US6f27lD7YNWZwJXiljGX,spotify:track:0ZnRtaQzlAq54uN8s2wPGv,spotify:track:6bSWmINNWVmNpTTjQWHDHi,spotify:track:3prtPGzdSOvl5CGCrkN34h
['spotify:artist:3AHFDfqhSqPBecjQDIOIJA'],['spotify:artist:1LTFJvVvRw7ghAyThxYmnF'],['spotify:artist:5hABGCgIH57T4NTNpp0gCL'],['spotify:artist:3hjBVvW03HcmXfKUipv1Fx'],"['spotify:artist:2i6cNyYiDVf4PQc1wlrU77', 'spotify:artist:4o6gglPeg2GgT0FYDtzFeF']","['spotify:artist:0GG2cWaonE4JPrjcCCQ1EG', 'spotify:artist:4NHQUGzhtTLFvgF5SZesLK']",['spotify:artist:1HOeqtP7tHkKNJNLzQ2tnr'],['spotify:artist:5af6HkEomDP7dKLugVmMmk'],"['spotify:artist:5K4W6rqBFWDnAN6FQUkS6x', 'spotify:artist:74V3dE1a51skRkdII8y2C6']",['spotify:artist:2auiVi8sUZo17dLy1HwrTU'],['spotify:artist:5K4W6rqBFWDnAN6FQUkS6x'],['spotify:artist:7ltDVBr6mKbRvohxheJ9h1'],"['spotify:artist:1PIsw4oKKnFzyefiLWI7Rg', 'spotify:artist:2wJ4vsxWd7df7dRU4KcoDe']","['spotify:artist:3AA28KZvwAUcZuOKwyblJQ', 'spotify:artist:5INjqkS1o8h1imAzPqGZBb', 'spotify:artist:205i7E8fNVfojowcQSfK9m', 'spotify:artist:6GI3CJjT2bOnMfprCpjT1d']","['spotify:artist:3AA28KZvwAUcZuOKwyblJQ', 'spotify:artist:5INjqkS1o8h1imAzPqGZBb', 'spotify:artist:6GI3CJjT2bOnMfprCpjT1d']",['spotify:artist:3AA28KZvwAUcZuOKwyblJQ'],"['spotify:artist:3AA28KZvwAUcZuOKwyblJQ', 'spotify:artist:4frXpPxQQZwbCu3eTGnZEw']",['spotify:artist:3AA28KZvwAUcZuOKwyblJQ'],"['spotify:artist:0GvUvYAa4rXdQt217NuE7o', 'spotify:artist:30G7JgBu7T2muH32aXMNzG']",['spotify:artist:3zMir00BoCKhwNTjlT61KN'],['spotify:artist:16fquxlaJUDTOQZEw49B8t'],['spotify:artist:16fquxlaJUDTOQZEw49B8t'],['spotify:artist:16fquxlaJUDTOQZEw49B8t'],['spotify:artist:16fquxlaJUDTOQZEw49B8t'],['spotify:artist:16fquxlaJUDTOQZEw49B8t'],"['spotify:artist:33DoW58zhBjyyeCdscBybf', 'spotify:artist:3wO7EZF5Cet3MkFX3KisbX']",['spotify:artist:0mdmrbu5UZ32uRcRp2z6mr'],['spotify:artist:1rKrEdI6GKirxWHxIUPYms'],"['spotify:artist:6J7biCazzYhU3gM9j1wfid', 'spotify:artist:2WBJQGf1bT1kxuoqziH5g4']","['spotify:artist:56SCPiAP5e58HSZVTnqARK', 'spotify:artist:5jX2NDv1nyXv0FCEP3gqwR']",['spotify:artist:0dLWSYE7my9AbpQYNJ0ABV'],['spotify:artist:0dLWSYE7my9AbpQYNJ0ABV'],['spotify:artist:0dLWSYE7my9AbpQYNJ0ABV'],['spotify:artist:0dLWSYE7my9AbpQYNJ0ABV'],['spotify:artist:0dLWSYE7my9AbpQYNJ0ABV'],['spotify:artist:0dLWSYE7my9AbpQYNJ0ABV'],['spotify:artist:0dLWSYE7my9AbpQYNJ0ABV'],['spotify:artist:0dLWSYE7my9AbpQYNJ0ABV'],['spotify:artist:0dLWSYE7my9AbpQYNJ0ABV'],['spotify:artist:0dLWSYE7my9AbpQYNJ0ABV'],['spotify:artist:0dLWSYE7my9AbpQYNJ0ABV'],['spotify:artist:0dLWSYE7my9AbpQYNJ0ABV'],['spotify:artist:0dLWSYE7my9AbpQYNJ0ABV'],['spotify:artist:5tHs3fthucNRGAFpdE9rmz'],['spotify:artist:7hAolICGSgXJuM6DUpK5rp'],['spotify:artist:7hAolICGSgXJuM6DUpK5rp'],['spotify:artist:7hAolICGSgXJuM6DUpK5rp'],['spotify:artist:7hAolICGSgXJuM6DUpK5rp'],['spotify:artist:7hAolICGSgXJuM6DUpK5rp'],['spotify:artist:7hAolICGSgXJuM6DUpK5rp'],['spotify:artist:7hAolICGSgXJuM6DUpK5rp'],['spotify:artist:7hAolICGSgXJuM6DUpK5rp'],['spotify:artist:7hAolICGSgXJuM6DUpK5rp'],['spotify:artist:7hAolICGSgXJuM6DUpK5rp'],['spotify:artist:7hAolICGSgXJuM6DUpK5rp'],['spotify:artist:7hAolICGSgXJuM6DUpK5rp'],['spotify:artist:6a3p6ZKDkTzrVbloxkD73E'],['spotify:artist:77J3V0V7sEOf5ifCDBSNaJ'],['spotify:artist:5RZGHff3PE1rPUKOpDIqaO'],"['spotify:artist:04WBarCWtSEs8ESWnYPlm5', 'spotify:artist:1gbXoccc8bjK8eUh92mILy']",['spotify:artist:56HBXB2JoYhf04oMeko90l'],"['spotify:artist:4oLeXFyACqeem2VImYeBFe', 'spotify:artist:4GvOygVQquMaPm8oAc0vXi', 'spotify:artist:5KNNVgR6LBIABRIomyCwKJ']",['spotify:artist:36KTxdXw3fGNuraJZKOvw3'],['spotify:artist:70gP6Ry4Uo0Yx6uzPIdaiJ'],"['spotify:artist:5he5w2lnU9x7JFhnwcekXX', 'spotify:artist:22g86cix6LCeLMbu3m91Wo']","['spotify:artist:5he5w2lnU9x7JFhnwcekXX', 'spotify:artist:6DpWtzfwV8fcwP6fXckDVu', 'spotify:artist:7Eu1txygG6nJttLHbZdQOh']",['spotify:artist:3rblB9Pm51uKd9uYPVPB7B'],['spotify:artist:3e1kqcT6saslv9lDJbj144'],['spotify:artist:3IunaFjvNKj98JW89JYv9u'],"['spotify:artist:6FQqZYVfTNQ1pCqfkwVFEa', 'spotify:artist:1PXStuNqw9YDsim4EhMSq7']",['spotify:artist:3IunaFjvNKj98JW89JYv9u'],['spotify:artist:6XyY86QOPPrYVGvF9ch6wz'],"['spotify:artist:2cCUtGK9sDU2EoElnk0GNB', 'spotify:artist:1r1uxoy19fzMxunt3ONAkG']",['spotify:artist:7AyNPhiTjEsBF4HBBW4gDf'],"['spotify:artist:1hLiboQ98IQWhpKeP9vRFw', 'spotify:artist:12zbUHbPHL5DGuJtiUfsip', 'spotify:artist:1r1uxoy19fzMxunt3ONAkG', 'spotify:artist:07D1Bjaof0NFlU32KXiqUP']","['spotify:artist:3AA28KZvwAUcZuOKwyblJQ', 'spotify:artist:5INjqkS1o8h1imAzPqGZBb', 'spotify:artist:205i7E8fNVfojowcQSfK9m', 'spotify:artist:6GI3CJjT2bOnMfprCpjT1d']","['spotify:artist:3fWTFntAThCp6vaoGjD71D', 'spotify:artist:1EULJuDFWpZ9xg4YwtUGGt']",['spotify:artist:6qk91FiZD8n4SeSWZTj9vD'],['spotify:artist:1u7uShzlA1tXJeox3jMFPq'],['spotify:artist:5MaQlvNGOaTj39apHsXVq1'],['spotify:artist:3fWTFntAThCp6vaoGjD71D'],"['spotify:artist:3qwabfaWewpfli7hMNM3O8', 'spotify:artist:1kR99O4MgSTasyeJh8UFCg']",['spotify:artist:1kR99O4MgSTasyeJh8UFCg'],['spotify:artist:52mz9PgySAnFsUn6YoW8YG'],['spotify:artist:52mz9PgySAnFsUn6YoW8YG'],['spotify:artist:3YcfGOBLEsPKVZj5Ecu0QY'],['spotify:artist:5FMcKm7A4LRwIJnkzuKZFt'],['spotify:artist:4HDfVcO8QmARunFcBJofWQ'],"['spotify:artist:6vWDO969PvNqNYHIOW5v0m', 'spotify:artist:2YZyLoL8N0Wb9xBt1NhZWg']",['spotify:artist:2NJZShOescj4yIvO1d4yiV'],['spotify:artist:0osYTSrOpW6YESEC1lClwN'],['spotify:artist:0frSMmZSEdr8pVRi8PBSwF'],['spotify:artist:5bcee1i2yLpnhwm5Nbz3vU'],['spotify:artist:5bcee1i2yLpnhwm5Nbz3vU'],"['spotify:artist:6zWJfH1TTmIqEi7EV35HGr', 'spotify:artist:43tffeOxONSbTQ888To7bE']",['spotify:artist:7jy3rLJdDQY21OgRLCZ9sD'],['spotify:artist:0Xcn7vJHeLdMmcLdz77jzf'],['spotify:artist:1WGb8nCPGJA0RyriSDIQfC'],['spotify:artist:7Eu1txygG6nJttLHbZdQOh'],['spotify:artist:5rZVjGkZZI4TnpMHQwrxfG'],['spotify:artist:0hWRiJV8KlRZvsZeemUJVv'],"['spotify:artist:6VJZYivuYJGCrPuOAnI7Qo', 'spotify:artist:4fxp616ALtFWnXfwxnjLzW']","['spotify:artist:7kjSuFGKhLm8b5qXoMhRkJ', 'spotify:artist:49jTY62Cpw3RYo4dLuG43W']","['spotify:artist:4p5WgeiPSPpqPDs7T6OkWf', 'spotify:artist:0jqbEIAvdjUOi5Za48pzQG']",['spotify:artist:5mnxMXIM6BNhVVTXnBatKa'],['spotify:artist:12Zk1DFhCbHY6v3xep2ZjI'],['spotify:artist:76dJgM83MLQTY4IYPDrklF'],"['spotify:artist:5he5w2lnU9x7JFhnwcekXX', 'spotify:artist:62k5LKMhymqlDNo2DWOvvv', 'spotify:artist:1hQuWl1dueM7ChRUZRn05z']","['spotify:artist:4LcUpNlXFEleaLlelmkv2R', 'spotify:artist:0haZhu4fFKt0Ag94kZDiz2', 'spotify:artist:0Tob4H0FLtEONHU1MjpUEp']","['spotify:artist:6rr6POhpIL25CJFS3o3Dym', 'spotify:artist:6a3p6ZKDkTzrVbloxkD73E', 'spotify:artist:5MKqWyqq5CStK7AhkTvzQF', 'spotify:artist:4rsEVNO1tGTY0beCnsnHi6']",['spotify:artist:1XavfPKBpNjkOfxHINlMHF'],['spotify:artist:5YGY8feqx7naU7z4HrwZM6'],['spotify:artist:3tQxdRq2x9lmRNU4ojZeFp'],['spotify:artist:6hfVCgKTJbLM6M18e2z7OI'],['spotify:artist:1UL813H5aj3e8ekE5RqWqc'],['spotify:artist:1u7uShzlA1tXJeox3jMFPq'],['spotify:artist:1u7uShzlA1tXJeox3jMFPq'],['spotify:artist:1kDGbuxWknIKx4FlgWxiSp'],"['spotify:artist:6U7MOIhacysUEnfJ41WfhC', 'spotify:artist:4yrO1N273PlTaixa4BNwBz']",['spotify:artist:2M2blWl1LBN2UoxlJdaug2'],['spotify:artist:2M2blWl1LBN2UoxlJdaug2'],"['spotify:artist:5TgQ66WuWkoQ2xYxaSTnVP', 'spotify:artist:5fyDppLDl1juIu1BcUT5zh']","['spotify:artist:307erl4VjT1dZDMYpneZqd', 'spotify:artist:7JQn9DfFTtsFTg2dFc75jM']",['spotify:artist:5bLpYSmewYdnv9djU3kwpA'],['spotify:artist:4tcu3axlQpE22H0IL8ggCp'],['spotify:artist:5xKCNXLmFMUgOlpppsvXeX'],"['spotify:artist:5WUlDfRSoLAfcVSX1WnrxN', 'spotify:artist:5fMUXHkw8R8eOP2RNVYEZX', 'spotify:artist:2feDdbD5araYcm6JhFHHw7', 'spotify:artist:6IZ4ctovY9dl7bgHClAvKJ']","['spotify:artist:0yNSzH5nZmHzeE2xn6Xshb', 'spotify:artist:26BL0aeVS96sje8JfCNfUk', 'spotify:artist:1DiaZsjdOzFCdk7Dw9KIs0', 'spotify:artist:1C8UBSZs5rOPfxuxTMS6OI']","['spotify:artist:5l9wiTZVfqQTfMDOt0HtwC', 'spotify:artist:6olWbKW2VLhFCHfOi0iEDb', 'spotify:artist:2PWJP6HKlECQurewX1uGuT']",['spotify:artist:12Zk1DFhCbHY6v3xep2ZjI'],"['spotify:artist:5KKpBU5eC2tJDzf0wmlRp2', 'spotify:artist:12Zk1DFhCbHY6v3xep2ZjI']","['spotify:artist:5KKpBU5eC2tJDzf0wmlRp2', 'spotify:artist:12Zk1DFhCbHY6v3xep2ZjI']","['spotify:artist:5hE6NCoobhyEu6TRSbjOJY', 'spotify:artist:4yrO1N273PlTaixa4BNwBz']","['spotify:artist:0eARdjFMVY4Z92QEzM7dgN', 'spotify:artist:6SU1jFBqw4tZJQDT8iQ6Nw']","['spotify:artist:3SCI7sXHUZIeDKMWC5NT9C', 'spotify:artist:39vtb2iiz3079nqfL5nfFc', 'spotify:artist:6F5n3bvrBgoyicdFT6L8IB', 'spotify:artist:57UnSUpae3SbRekxNa5Kgl']","['spotify:artist:04vj3iPUiVh5melWr0w3xT', 'spotify:artist:4CA8PTrbq1l5IgyvBA2JSV']",['spotify:artist:2cCUtGK9sDU2EoElnk0GNB'],['spotify:artist:2StcyX3fmelae5agBHIkDO'],"['spotify:artist:6pJY5At9SiMpAOBrw9YosS', 'spotify:artist:2StcyX3fmelae5agBHIkDO']",['spotify:artist:2HGAZDmVV3GAH4XFAZdvSG'],['spotify:artist:5c1T1hZNinExpQD99XP5zB'],['spotify:artist:3NQUtyu0fGDFqYzG5xhslP'],['spotify:artist:1ESdlHhFi2Ww9jt8qLOyYp'],"['spotify:artist:5l9wiTZVfqQTfMDOt0HtwC', 'spotify:artist:6olWbKW2VLhFCHfOi0iEDb']",['spotify:artist:2eiwJhqnolYJf3iUMLFDpy'],['spotify:artist:2r3TXsrjx7eICwgL0Bk2l7'],['spotify:artist:77zrvBORXcnTyysjjKRfBU'],"['spotify:artist:2TY5EKL27G5c9deuWQIj8d', 'spotify:artist:61S4CPkzgyQaX4AvEDEWrs']",['spotify:artist:3E7NxReR3vC125lN74picI'],"['spotify:artist:3tlXnStJ1fFhdScmQeLpuG', 'spotify:artist:1GMy1NJjIXk6bejCuYdLT9', 'spotify:artist:13ubrt8QOOCPljQ2FL1Kca']",['spotify:artist:5RJfw4mV4qlNjmve8u1Unz'],['spotify:artist:2M0T4a1pkOC5nifN9W6e9e'],['spotify:artist:2M0T4a1pkOC5nifN9W6e9e'],"['spotify:artist:3SCB3V2d5Loauz5tfo6Y5G', 'spotify:artist:0uBVyPbLZRDNEBiA4fZUlp']",['spotify:artist:4kIwETcbpuFgRukE8o7Opx'],"['spotify:artist:5wCmhq5J2hPwL2r0eKurxn', 'spotify:artist:5KKpBU5eC2tJDzf0wmlRp2', 'spotify:artist:5nki7yRhxgM509M5ADlN1p', 'spotify:artist:5VadK1havLhK1OpKYsXv9y']","['spotify:artist:5wCmhq5J2hPwL2r0eKurxn', 'spotify:artist:5KKpBU5eC2tJDzf0wmlRp2', 'spotify:artist:5VadK1havLhK1OpKYsXv9y']",['spotify:artist:5MmVJVhhYKQ86izuGHzJYA'],"['spotify:artist:5PcCFmsEQz3wWeZ8q5amGF', 'spotify:artist:1UegQLGcIPKfrNFxpCUcVa']",['spotify:artist:6qDA2kY8lrFt6OjEeH03g2'],['spotify:artist:6VJZYivuYJGCrPuOAnI7Qo'],['spotify:artist:5IzQ6cbQ5QAL3fmUwlTHRK'],['spotify:artist:21UPYSRWFKwtqvSAnFnSvS']
['U.S. Girls'],['Glass Beams'],['Aged In Harmony'],['Aleksi Perälä'],"['Nuri', 'Clap! Clap!']","['SG Lewis', 'Tove Lo']",['Everything Everything'],['Joakim'],"['Kanye West', 'André 3000']",['Solange'],['Kanye West'],['ROSALÍA'],"['BATTS', 'Sharon Van Etten']","['Gorillaz', 'Tame Impala', 'Dom Dolla', 'Bootie Brown']","['Gorillaz', 'Tame Impala', 'Bootie Brown']",['Gorillaz'],"['Gorillaz', 'Thundercat']",['Gorillaz'],"['Nils Wülker', 'Arne Jansen']",['dEUS'],['Black Cadmium'],['Black Cadmium'],['Black Cadmium'],['Black Cadmium'],['Black Cadmium'],"['Interstellar Funk', 'Loradeniz']",['Francis Bebey'],['Agnes Obel'],"['Jamiroquai', 'Purple Disco Machine']","['Corinda', 'Wes Lee']",['Oscar and the Wolf'],['Oscar and the Wolf'],['Oscar and the Wolf'],['Oscar and the Wolf'],['Oscar and the Wolf'],['Oscar and the Wolf'],['Oscar and the Wolf'],['Oscar and the Wolf'],['Oscar and the Wolf'],['Oscar and the Wolf'],['Oscar and the Wolf'],['Oscar and the Wolf'],['Oscar and the Wolf'],['Gabriels'],['Chairlift'],['Chairlift'],['Chairlift'],['Chairlift'],['Chairlift'],['Chairlift'],['Chairlift'],['Chairlift'],['Chairlift'],['Chairlift'],['Chairlift'],['Chairlift'],['Coloray'],['Nu Genea'],['Der Dritte Raum'],"['Trüby Trio', 'Buika']",['Mark Broom'],"['Fred again..', 'The Streets', 'Dermot Kennedy']",['Ko Shin Moon'],['Bas'],"['Skrillex', 'Bobby Raps']","['Skrillex', 'Starrah', 'Four Tet']",['Om Unit'],['Pure Tribal'],['The Japanese House'],"['Foals', 'Dan Carey']",['The Japanese House'],['Linkin Park'],"['The National', 'Phoebe Bridgers']",['Spray'],"['boygenius', 'Julien Baker', 'Phoebe Bridgers', 'Lucy Dacus']","['Gorillaz', 'Tame Impala', 'Dom Dolla', 'Bootie Brown']","['Enfant Sauvage', 'Daniel Avery']","['Rens, Jaïr & Ome Uncle']",['De Jeugd Van Tegenwoordig'],['Claud'],['Enfant Sauvage'],"['Róisín Murphy', 'DJ Koze']",['DJ Koze'],['Trudge'],['Trudge'],['Alex Kassian'],['Johannes Albert'],['MICH'],"['Beyoncé', 'Kendrick Lamar']",['Kendal'],['Courtesy'],['Kai Tracid'],['Elias Mazian'],['Elias Mazian'],"['Pip Blom', 'Alex Kapranos']",['Foo Fighters'],['Lobby'],['Say She She'],['Four Tet'],['Nathan Fake'],"[""Fun Lovin' Criminals""]","['ANOHNI', 'Antony and the Johnsons']","['Libianca', 'Cian Ducrot']","['ANOTR', 'Abel Balder']",['Skin On Skin'],['070 Shake'],['TNolly'],"['Skrillex', 'Boys Noize', 'Opus III']","['Kris Kross Amsterdam', 'Sofía Reyes', 'Tinie Tempah']","['Massimiliano Pagliara', 'Coloray', 'Fort Romeau', 'Prins Thomas']",['Joeboy'],['Miley Cyrus'],['Vilchezz'],['Righeira'],['Tale Of Us'],['De Jeugd Van Tegenwoordig'],['De Jeugd Van Tegenwoordig'],['Nothing But Thieves'],"['Nathan Micay', 'Avalon Emerson']",['LSDXOXO'],['LSDXOXO'],"['Netsky', 'Digital Farm Animals']","['Mason', 'Princess Superstar']",['L.S.G.'],['Tom Wilson'],['Daniel Ögren'],"['Sia', 'Diplo', 'Labrinth', 'LSD']","['Calle 13', 'Totó La Momposina', 'Susana Baca', 'Maria Rita']","['Tiga', 'Hudson Mohawke', 'Elisabeth Troy']",['070 Shake'],"['RAYE', '070 Shake']","['RAYE', '070 Shake']","['Fever Ray', 'Avalon Emerson']","['Chibi Ichigo', 'Sophie Straat']","['Armand Hammer', 'billy woods', 'E L U C I D', 'El-P']","['Christine and the Queens', 'Paul Woolford']",['The National'],['Jungle by Night'],"['Folamour', 'Jungle by Night']",['Isaac Delusion'],['The Sei'],['Hjaltalín'],['Elmer'],"['Tiga', 'Hudson Mohawke']",['Fantastic Man'],['Noha Saré'],['The Art Of Noise'],"['puntjudith', 'De Toegift']",['Johannes Heil'],"['Brent Faiyaz', 'N3WYRKLA', 'A$AP Rocky']",['Lucky Lo'],['LFO'],['LFO'],"['Wende', 'Froukje']",['Arlo Parks'],"['cassö', 'RAYE', 'Oliver Heldens', 'D-Block Europe']","['cassö', 'RAYE', 'D-Block Europe']",['MIKA'],"['Djuma Soundsystem', 'Westerby']",['Disco Macabre'],['ANOHNI'],['Lucy Gooch'],['Amaarae']
"[['art pop', 'chamber psych', 'experimental pop']]",[[]],[[]],"[['bleep techno', 'braindance', 'finnish experimental', 'fluxwork', 'intelligent dance music']]","[[], ['italian electronica', 'wonky']]","[['electropop', 'indie soul', 'nu disco', 'uk dance', 'vapor soul'], ['dance pop', 'metropopolis', 'pop', 'swedish electropop', 'swedish pop', 'swedish synthpop']]","[['british indie rock', 'experimental pop', 'modern rock', 'new rave', 'shimmer pop']]","[['balearic', 'electrofox', 'nu disco']]","[['chicago rap', 'hip hop', 'rap'], ['atl hip hop', 'dirty south rap', 'hip hop', 'southern hip hop']]","[['afrofuturism', 'alternative r&b', 'r&b', 'urban contemporary']]","[['chicago rap', 'hip hop', 'rap']]","[['pop', 'r&b en espanol']]","[['aussietronica', 'melbourne indie'], ['art pop', 'chamber pop', 'indie rock', 'melancholia', 'new jersey indie', 'singer-songwriter']]","[['alternative hip hop', 'modern rock', 'rock'], ['australian psych', 'modern rock', 'neo-psychedelic', 'rock'], ['australian house', 'deep groove house', 'house'], []]","[['alternative hip hop', 'modern rock', 'rock'], ['australian psych', 'modern rock', 'neo-psychedelic', 'rock'], []]","[['alternative hip hop', 'modern rock', 'rock']]","[['alternative hip hop', 'modern rock', 'rock'], ['afrofuturism', 'escape room', 'indie soul']]","[['alternative hip hop', 'modern rock', 'rock']]","[['german jazz'], []]","[['belgian indie', 'belgian indie rock', 'belgian rock']]",[[]],[[]],[[]],[[]],[[]],"[['float house'], ['turkish alternative']]","[['afrobeat', 'afropop', 'world']]",[['chamber pop']],"[['dance pop'], ['deep house', 'house']]","[[], []]","[['belgian indie', 'belgian pop']]","[['belgian indie', 'belgian pop']]","[['belgian indie', 'belgian pop']]","[['belgian indie', 'belgian pop']]","[['belgian indie', 'belgian pop']]","[['belgian indie', 'belgian pop']]","[['belgian indie', 'belgian pop']]","[['belgian indie', 'belgian pop']]","[['belgian indie', 'belgian pop']]","[['belgian indie', 'belgian pop']]","[['belgian indie', 'belgian pop']]","[['belgian indie', 'belgian pop']]","[['belgian indie', 'belgian pop']]",[[]],"[['brooklyn indie', 'indietronica', 'metropopolis', 'neo-synthpop']]","[['brooklyn indie', 'indietronica', 'metropopolis', 'neo-synthpop']]","[['brooklyn indie', 'indietronica', 'metropopolis', 'neo-synthpop']]","[['brooklyn indie', 'indietronica', 'metropopolis', 'neo-synthpop']]","[['brooklyn indie', 'indietronica', 'metropopolis', 'neo-synthpop']]","[['brooklyn indie', 'indietronica', 'metropopolis', 'neo-synthpop']]","[['brooklyn indie', 'indietronica', 'metropopolis', 'neo-synthpop']]","[['brooklyn indie', 'indietronica', 'metropopolis', 'neo-synthpop']]","[['brooklyn indie', 'indietronica', 'metropopolis', 'neo-synthpop']]","[['brooklyn indie', 'indietronica', 'metropopolis', 'neo-synthpop']]","[['brooklyn indie', 'indietronica', 'metropopolis', 'neo-synthpop']]","[['brooklyn indie', 'indietronica', 'metropopolis', 'neo-synthpop']]",[[]],"[['indie napoletano', 'neapolitan funk']]","[['classic progressive house', 'german techno', 'high-tech minimal']]","[['jazztronica', 'sambass'], []]","[['hardgroove', 'minimal dub', 'minimal techno', 'techno']]","[['edm', 'house', 'stutter house'], ['birmingham hip hop', 'uk garage'], ['folk-pop', 'irish pop', 'uk pop']]",[[]],"[['canadian hip hop', 'queens hip hop', 'rap', 'sudanese hip hop', 'sudanese pop', 'underground hip hop']]","[['brostep', 'complextro', 'edm', 'electro', 'pop dance'], ['cloud rap', 'emo rap', 'minnesota hip hop']]","[['brostep', 'complextro', 'edm', 'electro', 'pop dance'], ['hyperpop francais'], ['electronica', 'folktronica', 'indietronica', 'intelligent dance music', 'trip hop']]","[['bristol electronic', 'classic dubstep', 'footwork', 'future garage', 'minimal dnb', 'wonky']]",[[]],"[['indie pop', 'indietronica', 'modern dream pop', 'pov: indie', 'vapor soul']]","[['alternative dance', 'garage rock', 'indie rock', 'indietronica', 'modern alternative rock', 'modern rock', 'oxford indie', 'rock', 'shimmer pop'], []]","[['indie pop', 'indietronica', 'modern dream pop', 'pov: indie', 'vapor soul']]","[['alternative metal', 'nu metal', 'post-grunge', 'rap metal', 'rock']]","[['chamber pop', 'indie folk', 'indie rock', 'indietronica', 'irish rock', 'modern rock'], ['indie pop', 'la indie', 'pov: indie']]",[[]],"[['indie pop'], ['ambient folk', 'indie pop', 'indie rock'], ['indie pop', 'la indie', 'pov: indie'], ['indie pop']]","[['alternative hip hop', 'modern rock', 'rock'], ['australian psych', 'modern rock', 'neo-psychedelic', 'rock'], ['australian house', 'deep groove house', 'house'], []]","[[], ['ambient techno', 'electronica', 'float house', 'future garage', 'intelligent dance music', 'microhouse', 'shiver pop']]",[[]],"[['dutch hip hop', 'dutch pop', 'dutch rock']]","[['bedroom pop', 'indie pop']]",[[]],"[['art pop', 'electronica', 'electropop', 'neo-synthpop', 'trip hop'], ['electronica', 'future garage', 'german techno', 'hamburg electronic', 'microhouse', 'minimal techno']]","[['electronica', 'future garage', 'german techno', 'hamburg electronic', 'microhouse', 'minimal techno']]",[['lo-fi house']],[['lo-fi house']],[[]],[['float house']],[['dutch indie']],"[['pop', 'r&b'], ['conscious hip hop', 'hip hop', 'rap', 'west coast rap']]",[[]],"[['hypertrance', 'spectra']]","[['bubble trance', 'german techno', 'german trance', 'hard trance']]",[['lo-fi house']],[['lo-fi house']],"[['crank wave', 'dutch indie', 'dutch indie rock', 'english indie rock'], ['scottish indie rock']]","[['alternative metal', 'alternative rock', 'modern rock', 'permanent wave', 'post-grunge', 'rock']]",[[]],[[]],"[['electronica', 'folktronica', 'indietronica', 'intelligent dance music', 'trip hop']]","[['electronica', 'intelligent dance music', 'microhouse', 'minimal techno']]",[['rap rock']],"[['art pop', 'chamber psych', 'experimental pop', 'metropopolis', 'transpop'], ['baroque pop', 'chamber pop', 'melancholia']]","[['afrobeats'], ['irish pop', 'singer-songwriter pop']]","[['dutch tech house'], []]",[['australian techno']],[['new jersey rap']],[[]],"[['brostep', 'complextro', 'edm', 'electro', 'pop dance'], ['alternative dance', 'dance-punk', 'electro house', 'fidget house', 'filter house', 'german dance', 'german techno', 'new rave'], ['ambient house', 'dream trance', 'hardcore techno', 'hip house']]","[['dutch house', 'dutch pop'], ['latin pop', 'latin viral pop', 'mexican pop', 'reggaeton'], ['dance pop', 'grime', 'pop rap']]","[['float house'], [], ['float house', 'future garage', 'microhouse'], ['balearic', 'norwegian space disco']]","[['afrobeats', 'afropop', 'nigerian pop']]",[['pop']],[[]],[['italo disco']],"[['italian techno', 'melodic techno', 'minimal tech house']]","[['dutch hip hop', 'dutch pop', 'dutch rock']]","[['dutch hip hop', 'dutch pop', 'dutch rock']]","[['alternative pop rock', 'modern alternative rock', 'modern rock']]","[['canadian house', 'experimental house'], ['electra', 'float house']]","[['escape room', 'vogue']]","[['escape room', 'vogue']]","[['belgian edm', 'dancefloor dnb', 'drum and bass'], ['uk dance']]","[[], ['electroclash']]","[['deep progressive trance', 'hard techno']]",[[]],"[['dalarna indie', 'psychedelic jazz fusion']]","[['australian dance', 'australian pop', 'pop'], ['dance pop', 'edm', 'electro house', 'moombahton', 'pop dance'], ['indie poptimism', 'pop'], ['dance pop']]","[['latin afrobeat', 'latin alternative', 'latin hip hop', 'puerto rican rock', 'rap conciencia', 'reggaeton', 'rock en espanol'], ['chicha', 'colombian rock', 'cumbia', 'folclor afrocolombiano', 'porro'], ['folklore peruano', 'musica afroperuana', 'musica criolla'], ['bossa nova', 'mpb', 'pagode', 'samba']]","[['alternative dance', 'canadian electronic', 'dance-punk', 'electroclash', 'electronica', 'filter house', 'minimal techno', 'new rave'], ['instrumental hip hop', 'purple sound', 'scottish electronic', 'scottish hip hop', 'uk experimental electronic', 'wonky'], ['uk garage']]",[['new jersey rap']],"[['uk contemporary r&b', 'uk pop'], ['new jersey rap']]","[['uk contemporary r&b', 'uk pop'], ['new jersey rap']]","[['alternative dance', 'art pop', 'dark pop', 'electronica', 'neo-synthpop', 'swedish electropop', 'swedish synth', 'swedish synthpop'], ['electra', 'float house']]","[['vlaamse rap'], ['dutch indie']]","[['experimental hip hop'], ['alternative hip hop'], ['afrofuturism', 'experimental hip hop'], ['abstract hip hop', 'alternative hip hop', 'east coast hip hop', 'experimental hip hop']]","[['art pop', 'electro-pop francais', 'metropopolis', 'shimmer pop'], ['house', 'uk dance', 'uk house']]","[['chamber pop', 'indie folk', 'indie rock', 'indietronica', 'irish rock', 'modern rock']]",[['dutch indie']],"[['jazz house', 'lo-fi house'], ['dutch indie']]","[['electro-pop francais', 'french indie pop', 'french indietronica', 'french psychedelic']]",[['irish electronic']],"[['icelandic folk', 'icelandic indie', 'icelandic pop', 'icelandic rock']]",[[]],"[['alternative dance', 'canadian electronic', 'dance-punk', 'electroclash', 'electronica', 'filter house', 'minimal techno', 'new rave'], ['instrumental hip hop', 'purple sound', 'scottish electronic', 'scottish hip hop', 'uk experimental electronic', 'wonky']]","[['float house', 'minimal tech house']]",[[]],"[['new romantic', 'synthpop']]","[[], []]","[['acid techno', 'frankfurt electronic', 'german techno', 'minimal techno', 'techno']]","[['r&b', 'rap'], [], ['east coast hip hop', 'hip hop', 'rap', 'trap']]",[['danish indie']],"[['abstract', 'acid house', 'bleep techno', 'intelligent dance music', 'techno']]","[['abstract', 'acid house', 'bleep techno', 'intelligent dance music', 'techno']]","[['dutch indie', 'dutch pop'], ['dutch indie', 'dutch pop', 'lustrum']]","[['indie pop', 'indie soul', 'uk contemporary r&b']]","[[], ['uk contemporary r&b', 'uk pop'], ['dutch house', 'edm', 'electro house', 'future house', 'house', 'pop dance', 'progressive electro house', 'progressive house'], ['melodic drill', 'uk hip hop']]","[[], ['uk contemporary r&b', 'uk pop'], ['melodic drill', 'uk hip hop']]",[['electropop']],"[['organic house'], []]",[[]],"[['art pop', 'chamber psych', 'experimental pop', 'metropopolis', 'transpop']]","[['british experimental', 'spectra']]","[['afro r&b', 'afrobeats', 'alternative r&b', 'ghanaian alternative', 'ghanaian pop']]"
[38],[42],[21],[27],"[12, 33]","[59, 71]",[50],[26],"[90, 66]",[58],[90],[78],"[14, 53]","[76, 77, 67, 58]","[76, 77, 58]",[76],"[76, 69]",[76],"[31, 20]",[42],[3],[3],[3],[3],[3],"[11, 7]",[32],[58],"[65, 70]","[2, 1]",[49],[49],[49],[49],[49],[49],[49],[49],[49],[49],[49],[49],[49],[53],[42],[42],[42],[42],[42],[42],[42],[42],[42],[42],[42],[42],[29],[49],[30],"[31, 47]",[33],"[76, 55, 71]",[33],[64],"[74, 46]","[74, 46, 60]",[26],[0],[59],"[61, 24]",[59],[83],"[67, 77]",[23],"[68, 68, 77, 69]","[76, 77, 67, 58]","[36, 42]",[9],[50],[47],[36],"[53, 52]",[52],[26],[26],[25],[29],[24],"[84, 87]",[30],[24],[40],[29],[29],"[39, 29]",[76],[1],[44],[60],[35],[45],"[48, 47]","[67, 64]","[58, 57]",[44],[70],[4],"[74, 55, 52]","[61, 66, 62]","[28, 29, 31, 33]",[60],[83],[20],[41],[48],[50],[50],[67],"[27, 36]",[38],[38],"[57, 58]","[49, 49]",[19],[26],[28],"[85, 75, 76, 62]","[66, 50, 46, 56]","[47, 46, 36]",[70],"[78, 70]","[78, 70]","[50, 36]","[22, 35]","[45, 50, 42, 57]","[55, 53]",[67],[33],"[52, 33]",[49],[25],[24],[24],"[47, 46]",[28],[23],[44],"[10, 18]",[21],"[83, 54, 80]",[29],[27],[27],"[40, 51]",[60],"[73, 78, 66, 77]","[73, 78, 77]",[64],"[32, 14]",[2],[48],[21],[66]
38.0,42.0,21.0,27.0,22.5,65.0,50.0,26.0,78.0,58.0,90.0,78.0,33.5,69.5,70.33333333333333,76.0,72.5,76.0,25.5,42.0,3.0,3.0,3.0,3.0,3.0,9.0,32.0,58.0,67.5,1.5,49.0,49.0,49.0,49.0,49.0,49.0,49.0,49.0,49.0,49.0,49.0,49.0,49.0,53.0,42.0,42.0,42.0,42.0,42.0,42.0,42.0,42.0,42.0,42.0,42.0,42.0,29.0,49.0,30.0,39.0,33.0,67.33333333333333,33.0,64.0,60.0,60.0,26.0,0.0,59.0,42.5,59.0,83.0,72.0,23.0,70.5,69.5,39.0,9.0,50.0,47.0,36.0,52.5,52.0,26.0,26.0,25.0,29.0,24.0,85.5,30.0,24.0,40.0,29.0,29.0,34.0,76.0,1.0,44.0,60.0,35.0,45.0,47.5,65.5,57.5,44.0,70.0,4.0,60.333333333333336,63.0,30.25,60.0,83.0,20.0,41.0,48.0,50.0,50.0,67.0,31.5,38.0,38.0,57.5,49.0,19.0,26.0,28.0,74.5,54.5,43.0,70.0,74.0,74.0,43.0,28.5,48.5,54.0,67.0,33.0,42.5,49.0,25.0,24.0,24.0,46.5,28.0,23.0,44.0,14.0,21.0,72.33333333333333,29.0,27.0,27.0,45.5,60.0,73.5,76.0,64.0,23.0,2.0,48.0,21.0,66.0
0.711,0.624,0.777,0.799,0.798,0.603,0.388,0.591,0.43,0.736,0.76,0.555,0.519,0.716,0.695,0.533,0.741,0.466,0.805,0.55,0.697,0.7,0.802,0.523,0.619,0.507,0.618,0.422,0.868,0.816,0.574,0.519,0.281,0.46,0.597,0.365,0.402,0.517,0.556,0.5,0.492,0.493,0.56,0.728,0.488,0.636,0.498,0.563,0.613,0.473,0.471,0.461,0.546,0.169,0.785,0.458,0.55,0.699,0.789,0.827,0.659,0.644,0.743,0.61,0.671,0.733,0.669,0.689,0.613,0.787,0.621,0.596,0.204,0.793,0.502,0.716,0.571,0.737,0.783,0.46,0.562,0.76,0.786,0.664,0.415,0.715,0.807,0.582,0.788,0.578,0.354,0.693,0.638,0.724,0.683,0.2,0.806,0.584,0.169,0.786,0.618,0.361,0.601,0.747,0.713,0.688,0.834,0.745,0.566,0.636,0.804,0.682,0.658,0.944,0.801,0.82,0.689,0.656,0.648,0.612,0.612,0.503,0.667,0.633,0.815,0.676,0.69,0.691,0.618,0.614,0.538,0.435,0.634,0.566,0.495,0.588,0.533,0.606,0.862,0.668,0.516,0.564,0.67,0.557,0.782,0.732,0.696,0.558,0.67,0.649,0.216,0.667,0.42,0.735,0.646,0.588,0.638,0.653,0.77,0.904,0.489,0.0637,0.844
0.72,0.898,0.524,0.591,0.78,0.791,0.407,0.673,0.717,0.798,0.524,0.634,0.346,0.897,0.923,0.855,0.913,0.868,0.0461,0.64,0.825,0.918,0.604,0.686,0.786,0.665,0.61,0.219,0.704,0.707,0.69,0.505,0.407,0.479,0.493,0.425,0.201,0.419,0.511,0.493,0.635,0.377,0.67,0.601,0.891,0.729,0.795,0.747,0.701,0.434,0.834,0.918,0.657,0.441,0.665,0.875,0.872,0.806,0.989,0.908,0.905,0.719,0.719,0.58,0.84,0.872,0.962,0.884,0.648,0.636,0.762,0.798,0.452,0.885,0.8,0.897,0.667,0.602,0.796,0.472,0.688,0.669,0.633,0.891,0.741,0.599,0.75,0.86,0.694,0.875,0.392,0.906,0.604,0.355,0.669,0.91,0.695,0.847,0.44,0.537,0.351,0.145,0.398,0.616,0.837,0.321,0.859,0.85,0.704,0.921,0.615,0.866,0.918,0.73,0.718,0.693,0.812,0.748,0.915,0.957,0.957,0.888,0.845,0.981,0.769,0.719,0.714,0.805,0.947,0.645,0.742,0.768,0.797,0.863,0.673,0.953,0.885,0.753,0.785,0.614,0.197,0.463,0.59,0.669,0.912,0.378,0.234,0.396,0.831,0.667,0.45,0.774,0.489,0.442,0.646,0.977,0.717,0.683,0.537,0.862,0.634,0.297,0.575
1.0,3.0,9.0,4.0,10.0,6.0,11.0,9.0,2.0,0.0,1.0,6.0,8.0,4.0,1.0,0.0,2.0,7.0,2.0,0.0,1.0,4.0,1.0,11.0,10.0,6.0,7.0,9.0,9.0,2.0,6.0,9.0,4.0,10.0,2.0,1.0,7.0,10.0,9.0,8.0,1.0,4.0,6.0,7.0,11.0,11.0,5.0,0.0,7.0,7.0,6.0,11.0,11.0,8.0,1.0,0.0,0.0,0.0,6.0,9.0,1.0,1.0,9.0,9.0,1.0,2.0,6.0,8.0,5.0,2.0,5.0,0.0,0.0,7.0,1.0,4.0,7.0,0.0,9.0,6.0,7.0,1.0,8.0,4.0,4.0,9.0,8.0,9.0,1.0,8.0,6.0,11.0,0.0,4.0,5.0,4.0,3.0,5.0,0.0,1.0,9.0,1.0,10.0,3.0,11.0,10.0,6.0,6.0,11.0,0.0,10.0,6.0,6.0,9.0,10.0,1.0,1.0,9.0,9.0,2.0,2.0,0.0,6.0,5.0,0.0,6.0,7.0,2.0,10.0,10.0,2.0,6.0,10.0,2.0,6.0,2.0,0.0,1.0,10.0,3.0,7.0,7.0,1.0,1.0,1.0,4.0,9.0,10.0,8.0,1.0,0.0,7.0,2.0,9.0,10.0,8.0,8.0,6.0,2.0,9.0,8.0,6.0,4.0
-4.898,-8.083,-7.328,-12.623,-9.557,-5.47,-8.784,-9.06,-6.676,-6.174,-7.67,-5.522,-11.2,-7.185,-3.93,-4.747,-3.34,-3.442,-14.653,-7.967,-11.167,-10.883,-11.306,-12.288,-12.806,-10.194,-7.059,-14.907,-5.68,-11.725,-5.198,-10.85,-11.967,-11.799,-10.998,-10.252,-14.162,-12.527,-12.093,-10.747,-10.312,-16.013,-11.049,-9.507,-5.468,-7.358,-5.992,-7.331,-8.1,-11.501,-5.419,-4.488,-6.946,-9.31,-7.685,-5.588,-6.246,-7.428,-10.034,-6.89,-7.593,-9.665,-8.525,-6.37,-8.199,-5.683,-5.302,-11.988,-9.057,-5.687,-6.376,-4.63,-9.784,-6.765,-5.853,-7.185,-9.686,-9.937,-6.474,-7.723,-8.117,-7.164,-11.509,-8.009,-6.718,-11.365,-7.412,-8.751,-5.308,-9.081,-14.778,-9.021,-12.518,-13.28,-3.593,-5.719,-11.432,-8.147,-10.385,-12.975,-11.109,-15.759,-8.755,-9.76,-5.96,-10.827,-5.632,-3.903,-8.003,-6.308,-7.033,-4.132,-9.152,-9.527,-12.903,-6.509,-5.743,-4.759,-9.083,-6.587,-6.587,-4.522,-6.845,-11.104,-10.853,-10.45,-5.948,-6.81,-6.343,-4.237,-5.355,-5.352,-8.629,-6.894,-10.409,-7.221,-7.149,-8.604,-7.459,-7.464,-14.506,-14.021,-11.822,-9.083,-10.67,-10.402,-14.991,-12.862,-9.718,-7.799,-7.921,-10.262,-12.284,-9.81,-7.988,-2.681,-5.804,-7.1,-11.495,-7.9,-10.08,-11.581,-8.319
1.0,0.0,1.0,0.0,0.0,0.0,0.0,0.0,1.0,1.0,0.0,0.0,1.0,0.0,0.0,1.0,0.0,1.0,1.0,0.0,1.0,0.0,1.0,1.0,0.0,0.0,1.0,0.0,0.0,1.0,0.0,0.0,0.0,1.0,0.0,1.0,1.0,0.0,0.0,0.0,1.0,0.0,0.0,0.0,0.0,0.0,1.0,1.0,1.0,0.0,1.0,0.0,0.0,1.0,1.0,1.0,1.0,1.0,1.0,0.0,0.0,1.0,0.0,0.0,1.0,0.0,0.0,1.0,1.0,1.0,1.0,1.0,1.0,1.0,1.0,0.0,1.0,1.0,0.0,1.0,1.0,0.0,1.0,0.0,0.0,0.0,1.0,1.0,1.0,1.0,0.0,0.0,0.0,1.0,1.0,0.0,0.0,0.0,1.0,0.0,0.0,1.0,0.0,0.0,0.0,1.0,1.0,0.0,0.0,0.0,0.0,0.0,0.0,0.0,0.0,1.0,1.0,0.0,1.0,1.0,1.0,1.0,1.0,1.0,0.0,1.0,1.0,0.0,0.0,1.0,1.0,0.0,1.0,0.0,0.0,1.0,1.0,1.0,0.0,1.0,0.0,1.0,1.0,1.0,1.0,0.0,1.0,0.0,0.0,0.0,1.0,1.0,1.0,0.0,0.0,1.0,1.0,0.0,1.0,0.0,1.0,1.0,0.0
0.0319,0.0422,0.0387,0.0481,0.0618,0.0345,0.0273,0.0319,0.275,0.127,0.0323,0.273,0.0285,0.0629,0.0522,0.0388,0.0465,0.136,0.0968,0.0307,0.122,0.0571,0.0505,0.0727,0.0391,0.0276,0.0295,0.0338,0.0521,0.0439,0.0469,0.0382,0.0512,0.0354,0.0573,0.0458,0.0302,0.0427,0.099,0.112,0.0445,0.146,0.0592,0.0739,0.0543,0.03,0.0444,0.232,0.174,0.0348,0.0989,0.0868,0.0267,0.0305,0.0505,0.206,0.0443,0.0507,0.0527,0.0563,0.114,0.228,0.0334,0.0622,0.0581,0.132,0.0362,0.0534,0.075,0.0325,0.0328,0.0285,0.0355,0.0883,0.0402,0.0629,0.0419,0.197,0.0581,0.0291,0.0338,0.0481,0.0389,0.0501,0.13,0.036,0.0669,0.0313,0.0372,0.0387,0.0308,0.0599,0.0381,0.0359,0.0405,0.089,0.0433,0.0725,0.0277,0.0595,0.031,0.0418,0.0463,0.0324,0.0368,0.0305,0.0449,0.075,0.0752,0.0438,0.137,0.0588,0.0447,0.0457,0.0712,0.0652,0.0422,0.0589,0.0363,0.0447,0.0447,0.0386,0.0812,0.0581,0.0693,0.0585,0.0338,0.0947,0.048,0.0312,0.114,0.201,0.0463,0.0331,0.404,0.0495,0.0386,0.0343,0.0413,0.0294,0.0287,0.0353,0.0579,0.0363,0.0489,0.0412,0.112,0.0331,0.0463,0.123,0.033,0.031,0.0499,0.0391,0.0722,0.0629,0.0375,0.0433,0.0462,0.101,0.0361,0.0321,0.0606
0.000219,0.0553,0.0671,0.0171,0.0185,0.000244,0.431,0.0278,0.136,0.0579,0.0542,0.129,0.475,0.012,0.0425,0.00186,0.00343,0.017,0.992,0.00593,0.00972,0.00024,0.000589,7.34e-06,0.0141,0.00271,0.593,0.947,0.00821,0.0718,0.175,0.00357,0.362,0.608,0.217,0.14,0.993,0.493,0.387,0.432,0.607,0.938,0.441,0.463,0.0482,0.0398,0.00482,0.0313,0.162,0.346,0.206,0.000432,0.19,0.906,0.138,0.354,0.00455,0.096,0.00434,0.0488,0.00512,0.315,0.0101,0.524,0.00113,0.0239,0.000686,0.00528,0.616,0.000351,0.106,0.00412,0.867,0.00139,0.00274,0.012,0.00964,0.00715,0.117,0.106,0.0156,0.138,0.00561,0.0203,0.0129,0.711,0.00314,0.00655,0.011,0.00569,0.637,0.0344,0.44,0.669,0.22,0.000369,0.363,0.0573,0.149,0.000263,0.11,0.94,0.584,0.176,0.0283,0.0451,0.592,0.000285,0.0461,0.00394,0.404,0.00461,0.00393,0.162,0.00662,0.155,0.0178,0.0201,0.0463,6.17e-05,6.17e-05,0.00269,0.0248,0.0473,0.00185,0.818,0.0077,0.59,0.000108,0.0285,0.138,0.0857,0.00516,0.0527,0.238,0.00487,0.121,0.0492,0.0533,0.0369,0.951,0.245,0.425,0.00281,0.188,0.608,0.28,0.62,3.77e-05,0.0941,0.0725,0.00121,0.082,0.708,0.256,0.048,0.001,0.0552,0.0177,0.00218,0.0102,0.626,0.0581
0.804,0.849,0.3,0.901,0.608,0.3,0.1,0.927,0.0,0.0681,0.5,2.32e-06,8.51e-05,0.262,0.0469,0.375,0.103,0.00673,0.917,0.000745,0.813,0.931,0.827,0.883,0.929,0.665,0.749,0.0458,0.00817,0.848,0.0,0.685,0.000344,0.044,0.00107,0.00257,0.191,0.0325,0.264,0.0285,0.195,0.903,0.00912,0.658,0.0135,0.0579,5.37e-05,0.00827,0.0,0.0127,0.00111,0.00139,0.0023,0.854,0.00145,0.0,0.866,0.00839,0.94,0.117,0.884,5.49e-05,0.565,0.0156,0.473,0.00304,0.855,0.849,1.25e-05,0.818,2.71e-06,0.0,0.0934,0.927,2.81e-06,0.262,0.873,5.36e-05,0.00115,0.000511,0.92,0.000605,0.899,0.866,0.912,0.916,0.887,0.764,1.48e-05,0.912,0.919,0.758,0.674,0.135,0.00385,0.0412,0.874,0.000127,0.169,0.899,0.919,0.000259,0.0,0.116,0.0,0.00132,0.561,0.0392,3.25e-05,0.449,0.0,0.00147,0.909,0.000699,0.904,0.0114,0.964,0.0563,0.872,0.414,0.414,0.0458,0.065,0.867,0.769,0.911,7.23e-05,0.0,0.0354,2.22e-06,4.67e-05,0.000231,0.272,0.00205,0.000544,0.0834,0.579,0.937,0.904,0.056,0.441,0.564,0.905,0.223,0.867,0.0548,0.0511,0.00104,0.78,0.0,0.00231,0.879,0.728,0.000113,0.136,0.000881,1.79e-06,0.00287,0.898,0.849,0.659,0.0586,0.591
0.0748,0.264,0.614,0.116,0.0777,0.0337,0.0699,0.0678,0.972,0.161,0.112,0.188,0.101,0.325,0.116,0.0567,0.325,0.129,0.104,0.169,0.138,0.0456,0.106,0.106,0.0659,0.102,0.188,0.103,0.0611,0.0666,0.197,0.184,0.106,0.131,0.0986,0.319,0.101,0.0842,0.12,0.123,0.272,0.119,0.294,0.107,0.106,0.417,0.124,0.135,0.398,0.166,0.182,0.64,0.0969,0.264,0.128,0.103,0.19,0.349,0.103,0.0896,0.291,0.11,0.118,0.0745,0.109,0.38,0.199,0.302,0.112,0.136,0.302,0.338,0.111,0.0789,0.091,0.325,0.0996,0.0972,0.145,0.277,0.084,0.193,0.0845,0.307,0.112,0.0507,0.0949,0.178,0.142,0.329,0.13,0.0962,0.0904,0.0994,0.0568,0.548,0.0821,0.329,0.126,0.0817,0.0924,0.111,0.107,0.143,0.0722,0.0939,0.0769,0.118,0.731,0.163,0.0987,0.149,0.104,0.114,0.101,0.48,0.0808,0.129,0.102,0.17,0.17,0.0733,0.466,0.361,0.034,0.0895,0.191,0.0975,0.082,0.0832,0.0934,0.0918,0.124,0.0612,0.214,0.228,0.184,0.102,0.0987,0.255,0.127,0.104,0.108,0.124,0.0705,0.104,0.311,0.224,0.139,0.121,0.0836,0.0998,0.106,0.0887,0.0971,0.243,0.113,0.196,0.0522,0.181,0.115,0.0806,0.0918
0.388,0.561,0.868,0.0379,0.331,0.529,0.109,0.588,0.302,0.464,0.112,0.555,0.233,0.358,0.551,0.464,0.643,0.578,0.476,0.396,0.544,0.231,0.732,0.277,0.298,0.168,0.647,0.13,0.814,0.0773,0.298,0.341,0.0457,0.19,0.271,0.0395,0.0972,0.135,0.354,0.531,0.424,0.0394,0.503,0.44,0.659,0.154,0.762,0.79,0.845,0.192,0.801,0.168,0.562,0.074,0.261,0.465,0.968,0.953,0.309,0.802,0.477,0.189,0.904,0.413,0.233,0.195,0.227,0.68,0.625,0.336,0.395,0.459,0.362,0.684,0.309,0.358,0.152,0.758,0.65,0.329,0.0546,0.568,0.186,0.107,0.241,0.918,0.532,0.974,0.229,0.685,0.0605,0.616,0.944,0.624,0.596,0.135,0.312,0.76,0.113,0.0916,0.16,0.0766,0.707,0.908,0.351,0.0485,0.935,0.54,0.429,0.753,0.816,0.527,0.244,0.864,0.221,0.59,0.812,0.202,0.791,0.583,0.583,0.589,0.681,0.0858,0.0505,0.963,0.489,0.866,0.442,0.4,0.25,0.378,0.475,0.473,0.343,0.729,0.619,0.436,0.691,0.416,0.0548,0.24,0.6,0.0553,0.803,0.144,0.489,0.351,0.968,0.826,0.197,0.644,0.445,0.328,0.559,0.575,0.422,0.624,0.153,0.546,0.0458,0.0387,0.94
104.022,111.634,109.896,120.045,104.993,121.011,147.869,107.001,78.881,113.996,119.603,170.228,130.06,127.03,108.014,75.011,120.012,179.928,181.85,101.986,63.494,125.996,131.974,131.414,126.988,124.004,75.894,129.256,122.51,113.011,87.019,124.97,146.611,145.252,115.022,100.649,135.62,111.013,147.985,179.98,122.413,106.181,95.002,119.208,175.305,118.2,172.564,196.394,117.385,80.137,166.977,132.932,133.894,88.536,120.236,74.305,144.994,118.806,135.099,119.982,140.989,132.87,106.021,76.504,124.977,128.007,139.992,131.739,114.94,136.049,95.015,105.01,77.708,134.001,127.001,127.03,120.019,134.653,140.076,84.668,119.998,118.004,116.984,133.98,125.508,119.983,125.968,152.003,126.042,122.987,138.003,137.999,75.011,93.996,105.979,148.569,124.981,118.333,95.896,123.958,93.711,150.968,197.88,131.975,137.979,132.001,120.01,138.03,124.933,124.0,100.058,91.017,145.024,128.967,124.008,100.011,99.987,121.052,134.991,145.001,145.001,173.057,127.879,138.011,130.471,91.934,112.009,142.503,141.001,121.998,96.107,107.588,130.669,147.971,103.775,124.978,87.038,119.958,120.014,120.034,91.92,98.966,120.034,127.024,128.994,97.955,138.118,91.996,126.017,141.967,50.031,126.976,98.251,111.006,93.456,140.03,141.904,128.053,119.988,136.055,151.004,66.594,140.052
4.0,4.0,4.0,3.0,4.0,4.0,4.0,4.0,4.0,4.0,4.0,4.0,4.0,4.0,3.0,4.0,4.0,4.0,4.0,4.0,4.0,4.0,4.0,4.0,4.0,4.0,4.0,4.0,4.0,4.0,4.0,4.0,4.0,4.0,4.0,3.0,4.0,4.0,4.0,1.0,4.0,4.0,4.0,4.0,4.0,4.0,4.0,4.0,4.0,4.0,4.0,4.0,4.0,4.0,4.0,4.0,4.0,4.0,4.0,4.0,4.0,4.0,4.0,4.0,4.0,4.0,4.0,4.0,4.0,4.0,4.0,4.0,4.0,4.0,4.0,4.0,4.0,4.0,4.0,4.0,4.0,4.0,4.0,4.0,4.0,4.0,4.0,4.0,4.0,4.0,4.0,4.0,4.0,4.0,4.0,4.0,4.0,4.0,4.0,3.0,4.0,4.0,4.0,4.0,4.0,4.0,4.0,4.0,4.0,4.0,4.0,4.0,4.0,4.0,4.0,4.0,4.0,4.0,4.0,4.0,4.0,4.0,4.0,4.0,4.0,4.0,4.0,3.0,4.0,4.0,4.0,4.0,4.0,4.0,4.0,4.0,4.0,4.0,4.0,4.0,3.0,4.0,4.0,4.0,4.0,4.0,4.0,4.0,4.0,4.0,4.0,4.0,1.0,4.0,4.0,4.0,4.0,4.0,4.0,4.0,4.0,4.0,4.0
